{"width": 8, "vector": [0.83179536011080335, 2.4614352493074794, 5.1639213988919668, 2.8858206371191137, 1.1746987534626039, 1.3716135734072021, 1.4123545706371192, 0.83179536011080335, 0.48889196675900276, 2.2882860110803325, 1.6737759695290859, 1.1034020083102494, 0.20710006925207755, 0.53302804709141272, 2.4614352493074794, 0.48889196675900276, 0.74012811634349029, 1.1034020083102494, 1.5108119806094182, 0.20710006925207755, 0.53302804709141272, 5.1639213988919668, 2.2882860110803325, 0.74012811634349029, 0.89969702216066483, 2.3663729224376731, 1.2392053324099723, 1.2799463296398892, 2.8858206371191137, 1.6737759695290859, 1.1034020083102494, 0.89969702216066483, 0.48889196675900276, 0.74012811634349029, 0.33271814404432132, 1.1746987534626039, 1.1034020083102494, 1.5108119806094182, 2.3663729224376731, 0.48889196675900276, 0.65864612188365645, 0.25123614958448753, 1.3716135734072021, 0.20710006925207755, 0.20710006925207755, 1.2392053324099723, 0.74012811634349029, 0.65864612188365645, 0.12222299168975069, 1.4123545706371192, 0.53302804709141272, 0.53302804709141272, 1.2799463296398892, 0.33271814404432132, 0.25123614958448753, 0.12222299168975069], "frame_number": 11, "height": 8}