{"width": 8, "vector": [0.79253027681660904, 2.5001470588235293, 6.2136007785467129, 3.0925021626297577, 1.2092214532871972, 1.4747599480968858, 1.5401232698961937, 0.79253027681660904, 0.4983953287197232, 2.8637305363321799, 1.4911007785467127, 0.92325692041522489, 0.2491976643598616, 0.47796929065743943, 2.5001470588235293, 0.4983953287197232, 1.0662391868512111, 0.93551254325259514, 1.454333910034602, 0.2491976643598616, 0.51065095155709339, 6.2136007785467129, 2.8637305363321799, 1.0662391868512111, 1.0213019031141868, 2.9617755190311419, 1.6340830449826989, 1.699446366782007, 3.0925021626297577, 1.4911007785467127, 0.93551254325259514, 1.0213019031141868, 0.59235510380622836, 0.53107698961937722, 0.3023053633217993, 1.2092214532871972, 0.92325692041522489, 1.454333910034602, 2.9617755190311419, 0.59235510380622836, 0.51065095155709339, 0.2491976643598616, 1.4747599480968858, 0.2491976643598616, 0.2491976643598616, 1.6340830449826989, 0.53107698961937722, 0.51065095155709339, 0.065363321799307955, 1.5401232698961937, 0.47796929065743943, 0.51065095155709339, 1.699446366782007, 0.3023053633217993, 0.2491976643598616, 0.065363321799307955], "frame_number": 21, "height": 8}