{"width": 8, "vector": [0.92200098543110964, 2.4396011475823158, 5.3839473601816623, 2.8602220350965082, 1.1642786166392844, 1.3594467084458697, 1.5377899647518873, 0.92200098543110964, 0.4071610191137382, 2.2679878254765251, 1.5748046028531362, 1.0902493404367866, 0.16824835500567695, 0.5282998347178256, 2.4396011475823158, 0.4071610191137382, 0.82441693952781703, 1.0936143075369, 1.4974103595505248, 0.20526299310692586, 0.49128519661657666, 5.3839473601816623, 2.2679878254765251, 0.82441693952781703, 0.97584045903292627, 2.5102654566846998, 1.3594467084458697, 1.2685925967428042, 2.8602220350965082, 1.5748046028531362, 1.0936143075369, 0.97584045903292627, 0.48455526241634961, 0.73356282782475146, 0.2860222035096508, 1.1642786166392844, 1.0902493404367866, 1.4974103595505248, 2.5102654566846998, 0.48455526241634961, 0.65280361742202653, 0.2860222035096508, 1.3594467084458697, 0.16824835500567695, 0.20526299310692586, 1.3594467084458697, 0.73356282782475146, 0.65280361742202653, 0.12450378270420094, 1.5377899647518873, 0.5282998347178256, 0.49128519661657666, 1.2685925967428042, 0.2860222035096508, 0.2860222035096508, 0.12450378270420094], "frame_number": 13, "height": 8}