{"width": 8, "vector": [1.4329757544043258, 4.5453212843322737, 10.906177461122516, 5.044593379758215, 1.7766305733338701, 2.5936212749399563, 2.6001053281273063, 1.4329757544043258, 0.93370365897838425, 4.830619624575669, 2.0295086476405158, 0.94018771216573416, 0.39552724442834331, 0.46685182948919213, 4.5453212843322737, 0.93370365897838425, 1.5626568181513236, 0.94018771216573416, 1.7182740946477211, 0.39552724442834331, 0.46685182948919213, 10.906177461122516, 4.830619624575669, 1.5626568181513236, 1.6858538287109717, 4.7981993586389189, 2.8659515088086516, 2.8854036683707012, 5.044593379758215, 2.0295086476405158, 0.94018771216573416, 1.6858538287109717, 0.93370365897838425, 0.63543721236028927, 0.55114452092474076, 1.7766305733338701, 0.94018771216573416, 1.7182740946477211, 4.7981993586389189, 0.93370365897838425, 0.47981993586389193, 0.39552724442834331, 2.5936212749399563, 0.39552724442834331, 0.39552724442834331, 2.8659515088086516, 0.63543721236028927, 0.47981993586389193, 0.0064840531873498908, 2.6001053281273063, 0.46685182948919213, 0.46685182948919213, 2.8854036683707012, 0.55114452092474076, 0.39552724442834331, 0.0064840531873498908], "frame_number": 66, "height": 8}