{"width": 8, "vector": [1.0747222222222221, 3.0467361111111111, 7.7156944444444449, 3.5790277777777777, 1.55125, 1.8300694444444445, 2.0734027777777779, 1.0747222222222221, 0.51201388888888888, 3.2140277777777779, 1.4701388888888889, 0.8618055555555556, 0.20784722222222221, 0.4309027777777778, 3.0467361111111111, 0.51201388888888888, 1.2217361111111111, 0.99868055555555557, 1.404236111111111, 0.25347222222222221, 0.40555555555555556, 7.7156944444444449, 3.2140277777777779, 1.2217361111111111, 1.5005555555555556, 3.4269444444444446, 2.0328472222222222, 1.9111805555555557, 3.5790277777777777, 1.4701388888888889, 0.99868055555555557, 1.5005555555555556, 0.50694444444444442, 0.59312500000000001, 0.3092361111111111, 1.55125, 0.8618055555555556, 1.404236111111111, 3.4269444444444446, 0.50694444444444442, 0.4917361111111111, 0.3092361111111111, 1.8300694444444445, 0.20784722222222221, 0.25347222222222221, 2.0328472222222222, 0.59312500000000001, 0.4917361111111111, 0.050694444444444445, 2.0734027777777779, 0.4309027777777778, 0.40555555555555556, 1.9111805555555557, 0.3092361111111111, 0.3092361111111111, 0.050694444444444445], "frame_number": 22, "height": 8}