{"width": 8, "vector": [0.84952947845804994, 2.321638321995465, 5.1585147392290249, 2.5424546485260771, 0.90780045351473926, 1.2758276643990929, 1.2543594104308391, 0.84952947845804994, 0.44163265306122451, 2.4320464852607708, 1.6254535147392291, 1.1071485260770975, 0.18708049886621314, 0.55204081632653057, 2.321638321995465, 0.44163265306122451, 0.88633219954648523, 1.1102154195011338, 1.5487811791383219, 0.18708049886621314, 0.55204081632653057, 5.1585147392290249, 2.4320464852607708, 0.88633219954648523, 0.97220521541950111, 2.6068594104308391, 1.3801020408163265, 1.4015702947845805, 2.5424546485260771, 1.6254535147392291, 1.1102154195011338, 0.97220521541950111, 0.51830498866213148, 0.75138888888888888, 0.30055555555555558, 0.90780045351473926, 1.1071485260770975, 1.5487811791383219, 2.6068594104308391, 0.51830498866213148, 0.71151927437641727, 0.2606859410430839, 1.2758276643990929, 0.18708049886621314, 0.18708049886621314, 1.3801020408163265, 0.75138888888888888, 0.71151927437641727, 0.15027777777777779, 1.2543594104308391, 0.55204081632653057, 0.55204081632653057, 1.4015702947845805, 0.30055555555555558, 0.2606859410430839, 0.15027777777777779], "frame_number": 48, "height": 8}