{"width": 8, "vector": [0.85728286734086856, 2.3428271861986913, 4.9549092801903631, 2.5656588340273645, 0.91608566329565733, 1.2658075550267698, 1.2503331350386675, 0.85728286734086856, 0.4456632956573468, 2.2902141582391433, 1.6402885187388458, 1.1172531231409875, 0.2228316478286734, 0.48589678762641286, 2.3428271861986913, 0.4456632956573468, 0.80466983938132064, 1.120348007138608, 1.5629164187983344, 0.2228316478286734, 0.48589678762641286, 4.9549092801903631, 2.2902141582391433, 0.80466983938132064, 0.89751635930993456, 2.4666225461035096, 1.2503331350386675, 1.2658075550267698, 2.5656588340273645, 1.6402885187388458, 1.120348007138608, 0.89751635930993456, 0.52303539559785839, 0.67468471148126119, 0.34972189173111246, 0.91608566329565733, 1.1172531231409875, 1.5629164187983344, 2.4666225461035096, 0.52303539559785839, 0.63445121951219507, 0.3094883997620464, 1.2658075550267698, 0.2228316478286734, 0.2228316478286734, 1.2503331350386675, 0.67468471148126119, 0.63445121951219507, 0.077372099940511599, 1.2503331350386675, 0.48589678762641286, 0.48589678762641286, 1.2658075550267698, 0.34972189173111246, 0.3094883997620464, 0.077372099940511599], "frame_number": 30, "height": 8}