{"width": 8, "vector": [0.9355610001643655, 3.0166137615055884, 6.5900004109138726, 3.4547301323142667, 1.2641482782708744, 1.6520638149243918, 1.6885735124917818, 0.9355610001643655, 0.65717455621301779, 3.0166137615055884, 1.7981026051939513, 1.031398956278764, 0.27838644395134782, 0.53395432692307687, 3.0166137615055884, 0.65717455621301779, 0.9355610001643655, 1.031398956278764, 1.5790444197896121, 0.27838644395134782, 0.53395432692307687, 6.5900004109138726, 3.0166137615055884, 0.9355610001643655, 1.0268352440828403, 2.9983589127218937, 1.6520638149243918, 1.6885735124917818, 3.4547301323142667, 1.7981026051939513, 1.031398956278764, 1.0268352440828403, 0.65717455621301779, 0.67999311719263644, 0.38791553665351741, 1.2641482782708744, 1.031398956278764, 1.5790444197896121, 2.9983589127218937, 0.65717455621301779, 0.57046402449046685, 0.27838644395134782, 1.6520638149243918, 0.27838644395134782, 0.27838644395134782, 1.6520638149243918, 0.67999311719263644, 0.57046402449046685, 0.073019395134779744, 1.6885735124917818, 0.53395432692307687, 0.53395432692307687, 1.6885735124917818, 0.38791553665351741, 0.27838644395134782, 0.073019395134779744], "frame_number": 10, "height": 8}