{"width": 8, "vector": [1.225641298185941, 3.2430289824263037, 7.5238272392290249, 3.5472027352607709, 1.2927384495464853, 1.9771293934240364, 1.9905488236961451, 1.225641298185941, 0.54125035430838997, 3.1848781179138324, 1.6505899234693877, 1.0064572704081634, 0.32206632653061223, 0.52335778061224492, 3.2430289824263037, 0.54125035430838997, 1.1674904336734695, 1.0109304138321995, 1.5477076247165533, 0.27286174886621317, 0.4741532029478458, 7.5238272392290249, 3.1848781179138324, 1.1674904336734695, 1.2390607284580499, 3.386169571995465, 1.7892573696145124, 1.8295156604308389, 3.5472027352607709, 1.6505899234693877, 1.0109304138321995, 1.2390607284580499, 0.64413265306122447, 0.52335778061224492, 0.32206632653061223, 1.2927384495464853, 1.0064572704081634, 1.5477076247165533, 3.386169571995465, 0.64413265306122447, 0.52335778061224492, 0.32206632653061223, 1.9771293934240364, 0.32206632653061223, 0.27286174886621317, 1.7892573696145124, 0.52335778061224492, 0.52335778061224492, 0.040258290816326529, 1.9905488236961451, 0.52335778061224492, 0.4741532029478458, 1.8295156604308389, 0.32206632653061223, 0.32206632653061223, 0.040258290816326529], "frame_number": 50, "height": 8}