{"width": 8, "vector": [1.6210132968374726, 4.5453212843322737, 10.899693407935166, 5.044593379758215, 1.7766305733338701, 2.5936212749399563, 2.8854036683707012, 1.6210132968374726, 0.78457043566933682, 4.5453212843322737, 1.8674073179567685, 0.93370365897838425, 0.32420265936749454, 0.55114452092474076, 4.5453212843322737, 0.78457043566933682, 1.6210132968374726, 0.94018771216573416, 1.7182740946477211, 0.39552724442834331, 0.47981993586389193, 10.899693407935166, 4.5453212843322737, 1.6210132968374726, 1.5885930309007232, 4.7009385608286705, 2.8594674556213016, 2.6195574876893559, 5.044593379758215, 1.8674073179567685, 0.94018771216573416, 1.5885930309007232, 0.93370365897838425, 0.63543721236028927, 0.39552724442834331, 1.7766305733338701, 0.93370365897838425, 1.7182740946477211, 4.7009385608286705, 0.93370365897838425, 0.47981993586389193, 0.39552724442834331, 2.5936212749399563, 0.32420265936749454, 0.39552724442834331, 2.8594674556213016, 0.63543721236028927, 0.47981993586389193, 0.032420265936749453, 2.8854036683707012, 0.55114452092474076, 0.47981993586389193, 2.6195574876893559, 0.39552724442834331, 0.39552724442834331, 0.032420265936749453], "frame_number": 72, "height": 8}