{"width": 8, "vector": [1.1203472222222222, 3.2951388888888888, 7.7156944444444449, 3.8375694444444446, 1.55125, 2.0277777777777777, 2.0734027777777779, 1.1203472222222222, 0.61340277777777774, 3.3509027777777778, 1.7236111111111112, 0.99868055555555557, 0.3092361111111111, 0.50694444444444442, 3.2951388888888888, 0.61340277777777774, 1.1761111111111111, 0.99868055555555557, 1.5005555555555556, 0.25347222222222221, 0.45118055555555553, 7.7156944444444449, 3.3509027777777778, 1.1761111111111111, 1.1811805555555555, 3.2444444444444445, 1.8351388888888889, 1.8503472222222221, 3.8375694444444446, 1.7236111111111112, 0.99868055555555557, 1.1811805555555555, 0.61340277777777774, 0.59312500000000001, 0.36499999999999999, 1.55125, 0.99868055555555557, 1.5005555555555556, 3.2444444444444445, 0.61340277777777774, 0.53736111111111107, 0.3092361111111111, 2.0277777777777777, 0.3092361111111111, 0.25347222222222221, 1.8351388888888889, 0.59312500000000001, 0.53736111111111107, 0.045624999999999999, 2.0734027777777779, 0.50694444444444442, 0.45118055555555553, 1.8503472222222221, 0.36499999999999999, 0.3092361111111111, 0.045624999999999999], "frame_number": 9, "height": 8}