{"width": 8, "vector": [0.75824657941701368, 2.2902141582391433, 4.9549092801903631, 2.6306513979773944, 1.0708298631766806, 1.2503331350386675, 1.287471743010113, 0.75824657941701368, 0.44875817965496728, 2.2035574063057703, 1.5257778108268887, 1.0058372992266509, 0.1887879238548483, 0.48589678762641286, 2.2902141582391433, 0.44875817965496728, 0.75824657941701368, 1.120348007138608, 1.4917340868530637, 0.2228316478286734, 0.55707911957168355, 4.9549092801903631, 2.2035574063057703, 0.75824657941701368, 0.96869869125520525, 2.3799657941701367, 1.2410484830458062, 1.3153256989886972, 2.6306513979773944, 1.5257778108268887, 1.120348007138608, 0.96869869125520525, 0.4456632956573468, 0.67468471148126119, 0.30329863176680549, 1.0708298631766806, 1.0058372992266509, 1.4917340868530637, 2.3799657941701367, 0.4456632956573468, 0.60040749553837003, 0.22902141582391433, 1.2503331350386675, 0.1887879238548483, 0.2228316478286734, 1.2410484830458062, 0.67468471148126119, 0.60040749553837003, 0.1114158239143367, 1.287471743010113, 0.48589678762641286, 0.55707911957168355, 1.3153256989886972, 0.30329863176680549, 0.22902141582391433, 0.1114158239143367], "frame_number": 20, "height": 8}