{"width": 8, "vector": [1.4172335600907029, 3.9739229024943312, 9.529478458049887, 4.8072562358276647, 1.6383219954648527, 2.5056689342403629, 2.5226757369614514, 1.4172335600907029, 0.68594104308390025, 3.9739229024943312, 1.9160997732426304, 0.95804988662131518, 0.40816326530612246, 0.48185941043083902, 3.9739229024943312, 0.68594104308390025, 1.4172335600907029, 0.98072562358276649, 1.6439909297052153, 0.3458049886621315, 0.41950113378684806, 9.529478458049887, 3.9739229024943312, 1.4172335600907029, 1.3208616780045352, 4.1950113378684808, 2.2732426303854876, 2.2902494331065761, 4.8072562358276647, 1.9160997732426304, 0.98072562358276649, 1.3208616780045352, 0.95804988662131518, 0.55555555555555558, 0.48185941043083902, 1.6383219954648527, 0.95804988662131518, 1.6439909297052153, 4.1950113378684808, 0.95804988662131518, 0.48185941043083902, 0.40816326530612246, 2.5056689342403629, 0.40816326530612246, 0.3458049886621315, 2.2732426303854876, 0.55555555555555558, 0.48185941043083902, 0.0056689342403628117, 2.5226757369614514, 0.48185941043083902, 0.41950113378684806, 2.2902494331065761, 0.48185941043083902, 0.40816326530612246, 0.0056689342403628117], "frame_number": 73, "height": 8}