{"width": 8, "vector": [0.95685471970324609, 2.625556376209945, 5.8404557977734468, 2.9268497308569881, 1.0760476951680102, 1.4899121933095527, 1.473357613383891, 0.95685471970324609, 0.47677190185905688, 2.625556376209945, 1.6322815806702433, 1.0727367791828779, 0.20196587509307271, 0.45028457397799815, 2.625556376209945, 0.47677190185905688, 0.95685471970324609, 1.0760476951680102, 1.5495086810419347, 0.20196587509307271, 0.45028457397799815, 5.8404557977734468, 2.625556376209945, 0.95685471970324609, 0.98003113159917243, 2.7447493516747095, 1.4899121933095527, 1.473357613383891, 2.9268497308569881, 1.6322815806702433, 1.0760476951680102, 0.98003113159917243, 0.5595448014873653, 0.7217796847588499, 0.37413350631995435, 1.0760476951680102, 1.0727367791828779, 1.5495086810419347, 2.7447493516747095, 0.5595448014873653, 0.67873777695212956, 0.33109159851323394, 1.4899121933095527, 0.20196587509307271, 0.20196587509307271, 1.4899121933095527, 0.7217796847588499, 0.67873777695212956, 0.082772899628308486, 1.473357613383891, 0.45028457397799815, 0.45028457397799815, 1.473357613383891, 0.37413350631995435, 0.33109159851323394, 0.082772899628308486], "frame_number": 41, "height": 8}