{"width": 8, "vector": [1.1136915856963447, 3.2755634873421906, 8.0629255073038539, 3.8147716306431358, 1.5420345032718621, 2.0157313768259635, 2.0358886905942231, 1.1136915856963447, 0.60975874148985387, 3.5325692378875009, 1.7133716703020689, 0.99274770308678695, 0.30739903496595944, 0.42834291757551723, 3.2755634873421906, 0.60975874148985387, 1.2598321105162271, 0.99274770308678695, 1.4916412188512129, 0.25196642210324544, 0.37291030471280323, 8.0629255073038539, 3.5325692378875009, 1.2598321105162271, 1.3958939784519797, 3.5577658800978256, 2.0157313768259635, 2.0358886905942231, 3.8147716306431358, 1.7133716703020689, 0.99274770308678695, 1.3958939784519797, 0.60975874148985387, 0.5896014277215943, 0.42834291757551723, 1.5420345032718621, 0.99274770308678695, 1.4916412188512129, 3.5577658800978256, 0.60975874148985387, 0.53416881485888035, 0.37291030471280323, 2.0157313768259635, 0.30739903496595944, 0.25196642210324544, 2.0157313768259635, 0.5896014277215943, 0.53416881485888035, 0.020157313768259633, 2.0358886905942231, 0.42834291757551723, 0.37291030471280323, 2.0358886905942231, 0.42834291757551723, 0.37291030471280323, 0.020157313768259633], "frame_number": 8, "height": 8}