{"width": 8, "vector": [0.93846938775510202, 2.4841836734693876, 5.1585147392290249, 2.7111337868480727, 0.90780045351473926, 1.4015702947845805, 1.3801020408163265, 0.93846938775510202, 0.44163265306122451, 2.2695011337868483, 1.6254535147392291, 1.1102154195011338, 0.18708049886621314, 0.55204081632653057, 2.4841836734693876, 0.44163265306122451, 0.79739229024943314, 1.1102154195011338, 1.6254535147392291, 0.18708049886621314, 0.55204081632653057, 5.1585147392290249, 2.2695011337868483, 0.79739229024943314, 0.88939909297052155, 2.6068594104308391, 1.2543594104308391, 1.2758276643990929, 2.7111337868480727, 1.6254535147392291, 1.1102154195011338, 0.88939909297052155, 0.60111111111111115, 0.75138888888888888, 0.30055555555555558, 0.90780045351473926, 1.1102154195011338, 1.6254535147392291, 2.6068594104308391, 0.60111111111111115, 0.75138888888888888, 0.30055555555555558, 1.4015702947845805, 0.18708049886621314, 0.18708049886621314, 1.2543594104308391, 0.75138888888888888, 0.75138888888888888, 0.15027777777777779, 1.3801020408163265, 0.55204081632653057, 0.55204081632653057, 1.2758276643990929, 0.30055555555555558, 0.30055555555555558, 0.15027777777777779], "frame_number": 47, "height": 8}