{"width": 8, "vector": [0.91000502765208646, 2.7217797433394986, 5.9500328731097962, 3.1170760449440249, 1.3382426877236566, 1.6470679233521928, 1.6841269516276169, 0.91000502765208646, 0.50235571662241874, 2.4376605265612454, 1.4000077348493638, 0.93059337669398889, 0.25117785831120937, 0.41176698083804819, 2.7217797433394986, 0.50235571662241874, 0.79882794282581349, 0.93059337669398889, 1.4658904517834515, 0.25117785831120937, 0.43647299968833109, 5.9500328731097962, 2.4376605265612454, 0.79882794282581349, 1.0047114332448375, 2.6764853754473132, 1.3382426877236566, 1.4000077348493638, 3.1170760449440249, 1.4000077348493638, 0.93059337669398889, 1.0047114332448375, 0.50235571662241874, 0.48176736758051636, 0.2964722262033947, 1.3382426877236566, 0.93059337669398889, 1.4658904517834515, 2.6764853754473132, 0.50235571662241874, 0.51470872604756024, 0.30470756582015568, 1.6470679233521928, 0.25117785831120937, 0.25117785831120937, 1.3382426877236566, 0.48176736758051636, 0.51470872604756024, 0.037059028275424337, 1.6841269516276169, 0.41176698083804819, 0.43647299968833109, 1.4000077348493638, 0.2964722262033947, 0.30470756582015568, 0.037059028275424337], "frame_number": 25, "height": 8}