{"width": 8, "vector": [0.7356886916502301, 2.1754914529914529, 4.562532873109796, 2.5164973701512161, 1.0009155161078238, 1.1524737015121631, 1.3135042735042735, 0.7356886916502301, 0.45467455621301778, 2.1281295200525969, 1.6734549638395793, 1.1430013149243918, 0.22733727810650889, 0.60939020381328068, 2.1754914529914529, 0.45467455621301778, 0.68832675871137405, 1.1430013149243918, 1.52189677843524, 0.22733727810650889, 0.53361111111111115, 4.562532873109796, 2.1281295200525969, 0.68832675871137405, 0.90934911242603556, 2.2733727810650888, 1.1430013149243918, 1.1019543063773833, 2.5164973701512161, 1.6734549638395793, 1.1430013149243918, 0.90934911242603556, 0.45467455621301778, 0.68832675871137405, 0.26838428665351743, 1.0009155161078238, 1.1430013149243918, 1.52189677843524, 2.2733727810650888, 0.45467455621301778, 0.61254766600920452, 0.26838428665351743, 1.1524737015121631, 0.22733727810650889, 0.22733727810650889, 1.1430013149243918, 0.68832675871137405, 0.61254766600920452, 0.11682610124917817, 1.3135042735042735, 0.60939020381328068, 0.53361111111111115, 1.1019543063773833, 0.26838428665351743, 0.26838428665351743, 0.11682610124917817], "frame_number": 29, "height": 8}