{"width": 8, "vector": [1.4242312034867486, 3.9935442945768433, 9.1207766271291391, 4.5176613774599668, 1.6464112712306815, 2.2787699255787977, 2.5351315422064125, 1.4242312034867486, 0.68932790248758635, 3.6517288057400235, 1.7831374667654094, 0.96278029355704209, 0.28484624069734971, 0.48423860918549455, 3.9935442945768433, 0.68932790248758635, 1.2077480605567628, 0.9684772183709891, 1.6521081960446284, 0.34751241365076668, 0.42157243623207763, 9.1207766271291391, 3.6517288057400235, 1.2077480605567628, 1.4242312034867486, 4.0220289186465781, 2.2844668503927448, 2.1078621811603879, 4.5176613774599668, 1.7831374667654094, 0.9684772183709891, 1.4242312034867486, 0.82035717320836721, 0.64375250397601036, 0.4101785866041836, 1.6464112712306815, 0.96278029355704209, 1.6521081960446284, 4.0220289186465781, 0.82035717320836721, 0.50702630844128249, 0.4101785866041836, 2.2787699255787977, 0.28484624069734971, 0.34751241365076668, 2.2844668503927448, 0.64375250397601036, 0.50702630844128249, 0.028484624069734975, 2.5351315422064125, 0.48423860918549455, 0.42157243623207763, 2.1078621811603879, 0.4101785866041836, 0.4101785866041836, 0.028484624069734975], "frame_number": 4, "height": 8}