{"width": 8, "vector": [0.90719097992626097, 2.5758926364329597, 5.8404557977734468, 2.9963789665447669, 1.1455769308557895, 1.4899121933095527, 1.5428868490716701, 0.90719097992626097, 0.47677190185905688, 2.5758926364329597, 1.6322815806702433, 1.0727367791828779, 0.17216763122688164, 0.59596487732382109, 2.5758926364329597, 0.47677190185905688, 0.90719097992626097, 1.0760476951680102, 1.5495086810419347, 0.17216763122688164, 0.59596487732382109, 5.8404557977734468, 2.5758926364329597, 0.90719097992626097, 1.0495603672869516, 2.8142785873624883, 1.4899121933095527, 1.5428868490716701, 2.9963789665447669, 1.6322815806702433, 1.0760476951680102, 1.0495603672869516, 0.5595448014873653, 0.81117441635742316, 0.28142785873624881, 1.1455769308557895, 1.0727367791828779, 1.5495086810419347, 2.8142785873624883, 0.5595448014873653, 0.7681325085507027, 0.23838595092952844, 1.4899121933095527, 0.17216763122688164, 0.17216763122688164, 1.4899121933095527, 0.81117441635742316, 0.7681325085507027, 0.21189862304846971, 1.5428868490716701, 0.59596487732382109, 0.59596487732382109, 1.5428868490716701, 0.28142785873624881, 0.23838595092952844, 0.21189862304846971], "frame_number": 44, "height": 8}