{"width": 8, "vector": [0.79739229024943314, 2.4320464852607708, 5.1554478458049884, 2.7755385487528343, 1.0611451247165533, 1.3801020408163265, 1.4015702947845805, 0.79739229024943314, 0.51830498866213148, 2.4320464852607708, 1.7082596371882086, 1.1102154195011338, 0.22695011337868481, 0.5919104308390023, 2.4320464852607708, 0.51830498866213148, 0.79739229024943314, 1.1102154195011338, 1.5487811791383219, 0.18708049886621314, 0.55204081632653057, 5.1554478458049884, 2.4320464852607708, 0.79739229024943314, 0.88939909297052155, 2.4443140589569161, 1.2543594104308391, 1.2758276643990929, 2.7755385487528343, 1.7082596371882086, 1.1102154195011338, 0.88939909297052155, 0.51830498866213148, 0.75138888888888888, 0.30055555555555558, 1.0611451247165533, 1.1102154195011338, 1.5487811791383219, 2.4443140589569161, 0.51830498866213148, 0.71151927437641727, 0.2606859410430839, 1.3801020408163265, 0.22695011337868481, 0.18708049886621314, 1.2543594104308391, 0.75138888888888888, 0.71151927437641727, 0.15027777777777779, 1.4015702947845805, 0.5919104308390023, 0.55204081632653057, 1.2758276643990929, 0.30055555555555558, 0.2606859410430839, 0.15027777777777779], "frame_number": 49, "height": 8}