{"width": 8, "vector": [0.82380903525871207, 2.3618378304435552, 5.1771485243322735, 2.7397318833145241, 1.1185663964980679, 1.3793132929790364, 1.3982079956225848, 0.82380903525871207, 0.45725180397387233, 2.3127116035703295, 1.636281248931295, 1.0958927533258096, 0.23051537225129098, 0.51393591190451759, 2.3618378304435552, 0.45725180397387233, 0.77468280838548609, 1.0958927533258096, 1.4700078656680688, 0.18894702643548442, 0.47236756608871106, 5.1771485243322735, 2.3127116035703295, 0.77468280838548609, 1.0014192401080675, 2.4563113436612976, 1.2281556718306488, 1.284839779761294, 2.7397318833145241, 1.636281248931295, 1.0958927533258096, 1.0014192401080675, 0.45725180397387233, 0.68020929516774387, 0.32120994494032351, 1.1185663964980679, 1.0958927533258096, 1.4700078656680688, 2.4563113436612976, 0.45725180397387233, 0.63864094935193738, 0.27964159912451697, 1.3793132929790364, 0.23051537225129098, 0.18894702643548442, 1.2281556718306488, 0.68020929516774387, 0.63864094935193738, 0.094473513217742208, 1.3982079956225848, 0.51393591190451759, 0.47236756608871106, 1.284839779761294, 0.32120994494032351, 0.27964159912451697, 0.094473513217742208], "frame_number": 26, "height": 8}