{"width": 8, "vector": [1.3729588801612258, 3.9422719712513201, 9.1150797023151906, 4.6145090992970657, 1.7432589930677804, 2.2844668503927448, 2.3300422489043209, 1.3729588801612258, 0.68932790248758635, 3.6517288057400235, 1.7831374667654094, 0.96278029355704209, 0.28484624069734971, 0.42157243623207763, 3.9422719712513201, 0.68932790248758635, 1.2077480605567628, 0.9684772183709891, 1.6521081960446284, 0.34751241365076668, 0.48423860918549455, 9.1150797023151906, 3.6517288057400235, 1.2077480605567628, 1.4242312034867486, 4.0220289186465781, 2.2844668503927448, 2.3300422489043209, 4.6145090992970657, 1.7831374667654094, 0.9684772183709891, 1.4242312034867486, 0.82035717320836721, 0.64375250397601036, 0.48423860918549455, 1.7432589930677804, 0.96278029355704209, 1.6521081960446284, 4.0220289186465781, 0.82035717320836721, 0.50702630844128249, 0.34751241365076668, 2.2844668503927448, 0.28484624069734971, 0.34751241365076668, 2.2844668503927448, 0.64375250397601036, 0.50702630844128249, 0.022787699255787979, 2.3300422489043209, 0.42157243623207763, 0.48423860918549455, 2.3300422489043209, 0.48423860918549455, 0.34751241365076668, 0.022787699255787979], "frame_number": 7, "height": 8}