{"width": 8, "vector": [1.4172335600907029, 3.9739229024943312, 9.529478458049887, 4.4954648526077099, 1.5532879818594105, 2.5, 2.5226757369614514, 1.4172335600907029, 0.68594104308390025, 3.9739229024943312, 1.7743764172335601, 0.81632653061224492, 0.3458049886621315, 0.48185941043083902, 3.9739229024943312, 0.68594104308390025, 1.4172335600907029, 0.96371882086167804, 1.5022675736961451, 0.28344671201814059, 0.41950113378684806, 9.529478458049887, 3.9739229024943312, 1.4172335600907029, 1.473922902494331, 4.1099773242630384, 2.2675736961451247, 2.2902494331065761, 4.4954648526077099, 1.7743764172335601, 0.96371882086167804, 1.473922902494331, 0.82199546485260766, 0.56689342403628118, 0.40816326530612246, 1.5532879818594105, 0.81632653061224492, 1.5022675736961451, 4.1099773242630384, 0.82199546485260766, 0.48185941043083902, 0.3458049886621315, 2.5, 0.3458049886621315, 0.28344671201814059, 2.2675736961451247, 0.56689342403628118, 0.48185941043083902, 0.022675736961451247, 2.5226757369614514, 0.48185941043083902, 0.41950113378684806, 2.2902494331065761, 0.40816326530612246, 0.3458049886621315, 0.022675736961451247], "frame_number": 58, "height": 8}