{"width": 8, "vector": [1.0587812294543064, 3.0166137615055884, 6.5945641231097962, 3.4547301323142667, 1.3964959319526626, 1.6520638149243918, 1.8437397271531888, 1.0587812294543064, 0.55220917570677186, 2.7427910297501645, 1.6840098002958579, 1.031398956278764, 0.22818560979618671, 0.45637121959237342, 3.0166137615055884, 0.55220917570677186, 0.88536016600920442, 1.031398956278764, 1.4832064636752136, 0.27838644395134782, 0.40617038543721234, 6.5945641231097962, 2.7427910297501645, 0.88536016600920442, 1.1135457758053913, 2.8705749712360289, 1.6475001027284681, 1.5197161612426036, 3.4547301323142667, 1.6840098002958579, 1.031398956278764, 1.1135457758053913, 0.55220917570677186, 0.67999311719263644, 0.38791553665351741, 1.3964959319526626, 1.031398956278764, 1.4832064636752136, 2.8705749712360289, 0.55220917570677186, 0.52939061472715321, 0.33771470249835633, 1.6520638149243918, 0.22818560979618671, 0.27838644395134782, 1.6475001027284681, 0.67999311719263644, 0.52939061472715321, 0.045637121959237345, 1.8437397271531888, 0.45637121959237342, 0.40617038543721234, 1.5197161612426036, 0.38791553665351741, 0.33771470249835633, 0.045637121959237345], "frame_number": 16, "height": 8}