{"width": 8, "vector": [1.2656760204081632, 3.7225765306122449, 8.710829081632653, 4.2380102040816325, 1.489030612244898, 2.2908163265306123, 2.3137244897959182, 1.2656760204081632, 0.69297193877551022, 3.7225765306122449, 1.7925637755102042, 0.96786989795918366, 0.34934948979591834, 0.48679846938775512, 3.7225765306122449, 0.69297193877551022, 1.2656760204081632, 0.97359693877551023, 1.660841836734694, 0.28635204081632654, 0.42380102040816325, 8.710829081632653, 3.7225765306122449, 1.2656760204081632, 1.3344005102040817, 3.9459311224489797, 2.0674617346938775, 2.0903698979591838, 4.2380102040816325, 1.7925637755102042, 0.97359693877551023, 1.3344005102040817, 0.82469387755102042, 0.57270408163265307, 0.41234693877551021, 1.489030612244898, 0.96786989795918366, 1.660841836734694, 3.9459311224489797, 0.82469387755102042, 0.57270408163265307, 0.41234693877551021, 2.2908163265306123, 0.34934948979591834, 0.28635204081632654, 2.0674617346938775, 0.57270408163265307, 0.57270408163265307, 0.022908163265306123, 2.3137244897959182, 0.48679846938775512, 0.42380102040816325, 2.0903698979591838, 0.41234693877551021, 0.41234693877551021, 0.022908163265306123], "frame_number": 3, "height": 8}