{"width": 8, "vector": [1.1203472222222222, 3.2951388888888888, 7.7106250000000003, 3.8375694444444446, 1.404236111111111, 1.8300694444444445, 2.0480555555555555, 1.1203472222222222, 0.61340277777777774, 3.2951388888888888, 1.7236111111111112, 0.99361111111111111, 0.25347222222222221, 0.4309027777777778, 3.2951388888888888, 0.61340277777777774, 1.1203472222222222, 0.99868055555555557, 1.607013888888889, 0.3092361111111111, 0.37513888888888891, 7.7106250000000003, 3.2951388888888888, 1.1203472222222222, 1.2673611111111112, 3.5790277777777777, 2.0277777777777777, 1.8503472222222221, 3.8375694444444446, 1.7236111111111112, 0.99868055555555557, 1.2673611111111112, 0.72999999999999998, 0.65902777777777777, 0.4309027777777778, 1.404236111111111, 0.99361111111111111, 1.607013888888889, 3.5790277777777777, 0.72999999999999998, 0.53736111111111107, 0.4309027777777778, 1.8300694444444445, 0.25347222222222221, 0.3092361111111111, 2.0277777777777777, 0.65902777777777777, 0.53736111111111107, 0.025347222222222222, 2.0480555555555555, 0.4309027777777778, 0.37513888888888891, 1.8503472222222221, 0.4309027777777778, 0.4309027777777778, 0.025347222222222222], "frame_number": 19, "height": 8}