{"width": 8, "vector": [0.8125, 2.3125, 4.7531249999999998, 2.65625, 0.92500000000000004, 1.2625, 1.3, 0.8125, 0.45000000000000001, 2.1531250000000002, 1.65625, 1.0125, 0.22500000000000001, 0.5625, 2.3125, 0.45000000000000001, 0.72812500000000002, 1.1312500000000001, 1.4624999999999999, 0.22500000000000001, 0.5625, 4.7531249999999998, 2.1531250000000002, 0.72812500000000002, 0.828125, 2.265625, 1.140625, 1.1781250000000001, 2.65625, 1.65625, 1.1312500000000001, 0.828125, 0.53125, 0.68125000000000002, 0.30625000000000002, 0.92500000000000004, 1.0125, 1.4624999999999999, 2.265625, 0.53125, 0.5625, 0.22500000000000001, 1.2625, 0.22500000000000001, 0.22500000000000001, 1.140625, 0.68125000000000002, 0.5625, 0.1125, 1.3, 0.5625, 0.5625, 1.1781250000000001, 0.30625000000000002, 0.22500000000000001, 0.1125], "frame_number": 34, "height": 8}