{"width": 8, "vector": [0.95529939554427179, 2.7217797433394986, 5.945915203301416, 3.1953117713032539, 1.2188302632806227, 1.4905964706337345, 1.5235378291007782, 0.95529939554427179, 0.49823804681403827, 2.5200139227288547, 1.6470679233521928, 1.0541234709454033, 0.2058834904190241, 0.43647299968833109, 2.7217797433394986, 0.49823804681403827, 0.84412231071799881, 1.0582411407537837, 1.5523615177594416, 0.25117785831120937, 0.48176736758051636, 5.945915203301416, 2.5200139227288547, 0.84412231071799881, 1.0047114332448375, 2.7835447904652058, 1.4905964706337345, 1.5235378291007782, 3.1953117713032539, 1.6470679233521928, 1.0582411407537837, 1.0047114332448375, 0.59294445240678939, 0.7000038674246819, 0.40353164122128721, 1.2188302632806227, 1.0541234709454033, 1.5523615177594416, 2.7835447904652058, 0.59294445240678939, 0.60117979202355032, 0.30470756582015568, 1.4905964706337345, 0.2058834904190241, 0.25117785831120937, 1.4905964706337345, 0.7000038674246819, 0.60117979202355032, 0.065882716934087704, 1.5235378291007782, 0.43647299968833109, 0.48176736758051636, 1.5235378291007782, 0.40353164122128721, 0.30470756582015568, 0.065882716934087704], "frame_number": 15, "height": 8}