{"width": 8, "vector": [1.6210132968374726, 4.8889761032618173, 10.899693407935166, 5.4012163050624586, 1.7766305733338701, 2.8594674556213016, 2.8854036683707012, 1.6210132968374726, 0.93370365897838425, 4.5453212843322737, 2.0295086476405158, 0.93370365897838425, 0.39552724442834331, 0.55114452092474076, 4.8889761032618173, 0.93370365897838425, 1.4329757544043258, 0.94018771216573416, 1.8674073179567685, 0.39552724442834331, 0.55114452092474076, 10.899693407935166, 4.5453212843322737, 1.4329757544043258, 1.4135235948422762, 4.7009385608286705, 2.5936212749399563, 2.6195574876893559, 5.4012163050624586, 2.0295086476405158, 0.94018771216573416, 1.4135235948422762, 1.0958049886621315, 0.63543721236028927, 0.47981993586389193, 1.7766305733338701, 0.93370365897838425, 1.8674073179567685, 4.7009385608286705, 1.0958049886621315, 0.55114452092474076, 0.39552724442834331, 2.8594674556213016, 0.39552724442834331, 0.39552724442834331, 2.5936212749399563, 0.63543721236028927, 0.55114452092474076, 0.025936212749399563, 2.8854036683707012, 0.55114452092474076, 0.55114452092474076, 2.6195574876893559, 0.47981993586389193, 0.39552724442834331, 0.025936212749399563], "frame_number": 55, "height": 8}