{"width": 8, "vector": [0.90719097992626097, 2.5758926364329597, 5.8404557977734468, 2.9963789665447669, 1.1455769308557895, 1.4899121933095527, 1.4899121933095527, 0.90719097992626097, 0.47677190185905688, 2.5758926364329597, 1.6322815806702433, 1.0727367791828779, 0.17216763122688164, 0.45028457397799815, 2.5758926364329597, 0.47677190185905688, 0.90719097992626097, 1.0760476951680102, 1.5495086810419347, 0.17216763122688164, 0.45028457397799815, 5.8404557977734468, 2.5758926364329597, 0.90719097992626097, 1.0495603672869516, 2.8142785873624883, 1.4899121933095527, 1.4899121933095527, 2.9963789665447669, 1.6322815806702433, 1.0760476951680102, 1.0495603672869516, 0.5595448014873653, 0.81117441635742316, 0.37413350631995435, 1.1455769308557895, 1.0727367791828779, 1.5495086810419347, 2.8142785873624883, 0.5595448014873653, 0.7681325085507027, 0.33109159851323394, 1.4899121933095527, 0.17216763122688164, 0.17216763122688164, 1.4899121933095527, 0.81117441635742316, 0.7681325085507027, 0.11919297546476422, 1.4899121933095527, 0.45028457397799815, 0.45028457397799815, 1.4899121933095527, 0.37413350631995435, 0.33109159851323394, 0.11919297546476422], "frame_number": 45, "height": 8}