{"width": 8, "vector": [1.4172335600907029, 3.9739229024943312, 9.529478458049887, 4.8072562358276647, 1.8140589569160999, 2.5, 2.5226757369614514, 1.4172335600907029, 0.68594104308390025, 3.9739229024943312, 1.9160997732426304, 0.96371882086167804, 0.3458049886621315, 0.48185941043083902, 3.9739229024943312, 0.68594104308390025, 1.4172335600907029, 0.98072562358276649, 1.5249433106575965, 0.28344671201814059, 0.41950113378684806, 9.529478458049887, 3.9739229024943312, 1.4172335600907029, 1.3208616780045352, 3.9058956916099774, 2.2675736961451247, 2.2902494331065761, 4.8072562358276647, 1.9160997732426304, 0.98072562358276649, 1.3208616780045352, 0.81632653061224492, 0.64058956916099774, 0.48185941043083902, 1.8140589569160999, 0.96371882086167804, 1.5249433106575965, 3.9058956916099774, 0.81632653061224492, 0.50453514739229022, 0.3458049886621315, 2.5, 0.3458049886621315, 0.28344671201814059, 2.2675736961451247, 0.64058956916099774, 0.50453514739229022, 0.022675736961451247, 2.5226757369614514, 0.48185941043083902, 0.41950113378684806, 2.2902494331065761, 0.48185941043083902, 0.3458049886621315, 0.022675736961451247], "frame_number": 51, "height": 8}