{"width": 8, "vector": [1.4391616711664303, 4.232828444607148, 10.419270017494517, 4.7212317266772033, 1.595450721428848, 2.6048175043736292, 2.6308656794173655, 1.4391616711664303, 0.78795729507302292, 4.5649426764147858, 1.8754686031490131, 0.93773430157450655, 0.39723466941697849, 0.55352371967939629, 4.232828444607148, 0.78795729507302292, 1.6280109402335183, 0.94424634533544061, 1.7256915966475295, 0.32560218804670366, 0.48189123830912145, 10.419270017494517, 4.5649426764147858, 1.6280109402335183, 1.595450721428848, 4.7212317266772033, 2.6048175043736292, 2.6308656794173655, 4.7212317266772033, 1.8754686031490131, 0.94424634533544061, 1.595450721428848, 0.93773430157450655, 0.55352371967939629, 0.39723466941697849, 1.595450721428848, 0.93773430157450655, 1.7256915966475295, 4.7212317266772033, 0.93773430157450655, 0.55352371967939629, 0.39723466941697849, 2.6048175043736292, 0.39723466941697849, 0.32560218804670366, 2.6048175043736292, 0.55352371967939629, 0.55352371967939629, 0.026048175043736296, 2.6308656794173655, 0.55352371967939629, 0.48189123830912145, 2.6308656794173655, 0.39723466941697849, 0.39723466941697849, 0.026048175043736296], "frame_number": 69, "height": 8}