{"width": 8, "vector": [1.4107184247414488, 4.2547267690202091, 9.9540292049756633, 4.7851568967229943, 1.8057195836690545, 2.4941501749428814, 2.5110787960397789, 1.4107184247414488, 0.81257381265107453, 4.2547267690202091, 1.9072913102504387, 0.95928852882418514, 0.40628690632553727, 0.47964426441209257, 4.2547267690202091, 0.81257381265107453, 1.4107184247414488, 0.95928852882418514, 1.6364333727000806, 0.40628690632553727, 0.47964426441209257, 9.9540292049756633, 4.2547267690202091, 1.4107184247414488, 1.4671471617311067, 4.1757265372346888, 2.4941501749428814, 2.5110787960397789, 4.7851568967229943, 1.9072913102504387, 0.95928852882418514, 1.4671471617311067, 0.81257381265107453, 0.55300162249864793, 0.47964426441209257, 1.8057195836690545, 0.95928852882418514, 1.6364333727000806, 4.1757265372346888, 0.81257381265107453, 0.41757265372346886, 0.3442152956369135, 2.4941501749428814, 0.40628690632553727, 0.40628690632553727, 2.4941501749428814, 0.55300162249864793, 0.41757265372346886, 0.0056428736989657955, 2.5110787960397789, 0.47964426441209257, 0.47964426441209257, 2.5110787960397789, 0.47964426441209257, 0.3442152956369135, 0.0056428736989657955], "frame_number": 61, "height": 8}