{"subtrahend": 33, "vector": [0.01929536011080335, -0.024213988919667528, 0.4141914819944601, 0.049631232686980553, 0.07994459833795009, -0.023294667590027629, 0.11235457063711918, 0.01929536011080335, -0.039194944598337944, 0.091024930747922284, -0.067351108033240958, -0.031320983379501288, -0.055245844875346256, -0.029471952908587284, -0.024213988919667528, -0.039194944598337944, 0.059534279778393318, -0.027847991689750717, -0.070515927977839343, -0.017899930747922455, -0.066817867036011058, 0.4141914819944601, 0.091024930747922284, 0.059534279778393318, 0.23453601108033251, 0.26710699445983366, 0.22080332409972292, 0.13237707756232675, 0.049631232686980553, -0.067351108033240958, -0.027847991689750717, 0.23453601108033251, -0.038962950138504149, 0.058878116343490272, -0.017667936288088659, 0.07994459833795009, -0.031320983379501288, -0.070515927977839343, 0.26710699445983366, -0.038962950138504149, 0.011269044321329691, 0.019445983379501375, -0.023294667590027629, -0.055245844875346256, -0.017899930747922455, 0.22080332409972292, 0.058878116343490272, 0.011269044321329691, 0.013118074792243764, 0.11235457063711918, -0.029471952908587284, -0.066817867036011058, 0.13237707756232675, -0.017667936288088659, 0.019445983379501375, 0.013118074792243764], "minuend": 36}