{"subtrahend": 39, "vector": [0.028518370461837805, 0.075553824454204221, 0.41525564166555906, 0.1912415171118429, 0.20598167039823134, 0.11804166214900147, 0.16669498827122964, 0.028518370461837805, -0.0077833605572927289, 0.036022996979894195, -0.028647090940035591, 0.09499825540374407, -0.064708337931431659, 0.12644569519868448, 0.075553824454204221, -0.0077833605572927289, -0.011012457012472665, -0.019566503623194231, 0.087214894846451285, -0.064708337931431659, 0.12644569519868448, 0.41525564166555906, 0.036022996979894195, -0.011012457012472665, 0.21238764285339695, 0.32903794645657936, 0.10283749773580508, 0.20014414998026164, 0.1912415171118429, -0.028647090940035591, -0.019566503623194231, 0.21238764285339695, -0.012229522429443196, 0.15850349836189725, -0.1043332971920124, 0.20598167039823134, 0.09499825540374407, 0.087214894846451285, 0.32903794645657936, -0.012229522429443196, 0.23657826279716443, -0.051017604737708888, 0.11804166214900147, -0.064708337931431659, -0.064708337931431659, 0.10283749773580508, 0.15850349836189725, 0.23657826279716443, 0.14509516052698551, 0.16669498827122964, 0.12644569519868448, 0.12644569519868448, 0.20014414998026164, -0.1043332971920124, -0.051017604737708888, 0.14509516052698551], "minuend": 42}