{"subtrahend": 42, "vector": [0.053143989703326788, 0.11841569077604008, -0.20855529862927646, -0.11075912824116463, -0.12532697088209732, 0.033195497596911538, -0.052260549613752039, 0.053143989703326788, 0.0068196113852067031, -0.10273942279273385, -0.099662969748923524, -0.10406720124501923, 0.0013551481526448694, -0.13025241320613334, 0.11841569077604008, 0.0068196113852067031, 0.0037349078805851699, 0.009433915985719965, 0.01316057340549337, 0.028957188968971398, -0.065847651301371435, -0.20855529862927646, -0.10273942279273385, 0.0037349078805851699, -0.22050490919280996, -0.28635386965314336, -0.098811222343633487, -0.19611787458809005, -0.11075912824116463, -0.099662969748923524, 0.009433915985719965, -0.22050490919280996, 0.0044042314960958118, -0.081799320954269561, 0.048557334417451858, -0.12532697088209732, -0.10406720124501923, 0.01316057340549337, -0.28635386965314336, 0.0044042314960958118, -0.082138107992430709, 0.048218547379290599, 0.033195497596911538, 0.0013551481526448694, 0.028957188968971398, -0.098811222343633487, -0.081799320954269561, -0.082138107992430709, -0.084205141223606797, -0.052260549613752039, -0.13025241320613334, -0.065847651301371435, -0.19611787458809005, 0.048557334417451858, 0.048218547379290599, -0.084205141223606797], "minuend": 45}