{"subtrahend": 51, "vector": [0.18185162567104229, 0.65614765865466929, 0.48042339044064875, 0.33484625905574905, 0.18117985190502206, 0.25464995124767231, 0.25453798895333568, 0.18185162567104229, 0.14574636390536133, -0.019621392082512124, -0.0087610495318490855, -0.0040306425961222914, -0.0017074249886351867, -0.0023791987546555315, 0.65614765865466929, 0.14574636390536133, -0.19503518582919255, -0.023594764452508743, 0.14171572130923904, 0.06992505638163965, 0.069253282615619305, 0.48042339044064875, -0.019621392082512124, -0.19503518582919255, -0.0061019450413517529, -0.020293165848532801, -0.011196229433672933, -0.011308191728009565, 0.33484625905574905, -0.0087610495318490855, -0.023594764452508743, -0.0061019450413517529, -0.0047304069357270162, -0.0027430762112499174, -0.002071302445229517, 0.18117985190502206, -0.0040306425961222914, 0.14171572130923904, -0.020293165848532801, -0.0047304069357270162, -0.0023791987546555315, -0.0017074249886351867, 0.25464995124767231, -0.0017074249886351867, 0.06992505638163965, -0.011196229433672933, -0.0027430762112499174, -0.0023791987546555315, -0.00011196229433673224, 0.25453798895333568, -0.0023791987546555315, 0.069253282615619305, -0.011308191728009565, -0.002071302445229517, -0.0017074249886351867, -0.00011196229433673224], "minuend": 54}