{"subtrahend": 57, "vector": [-0.0065151353492540753, 0.28080386652587785, 0.42455074692577632, 0.28969204411528438, 0.25243160180964397, -0.0058498250571186183, -0.011596940921672516, -0.0065151353492540753, 0.12663276956717429, 0.28080386652587785, 0.13291489301687864, 0.14296199821194022, 0.060481917663405771, -0.00221514601874645, 0.28080386652587785, 0.12663276956717429, -0.0065151353492540753, -0.0044302920374929, 0.13416579900393555, 0.12284019430739668, 0.060143130625244512, 0.42455074692577632, 0.28080386652587785, -0.0065151353492540753, -0.0067757407632242916, 0.065749212971650373, 0.22657647879775666, 0.22082936293320277, 0.28969204411528438, 0.13291489301687864, -0.0044302920374929, -0.0067757407632242916, -0.0094216522015331261, -0.013891801537633253, 0.071480999105970111, 0.25243160180964397, 0.14296199821194022, 0.13416579900393555, 0.065749212971650373, -0.0094216522015331261, -0.064286756707370163, -0.0015896930252179975, -0.0058498250571186183, 0.060481917663405771, 0.12284019430739668, 0.22657647879775666, -0.013891801537633253, -0.064286756707370163, -0.017032863262485452, -0.011596940921672516, -0.00221514601874645, 0.060143130625244512, 0.22082936293320277, 0.071480999105970111, -0.0015896930252179975, -0.017032863262485452], "minuend": 60}