{"subtrahend": 3, "vector": [-0.051272323325522784, -0.051272323325523228, -0.0056969248139484563, 0.096847721837098888, 0.096847721837098888, 0.005696924813947124, -0.20508929330209158, -0.051272323325522784, 0.0, 0.0, 0.0, 0.0, 0.0, -0.062666172953416921, -0.051272323325523228, 0.0, 0.0, 0.0, 0.0, 0.0, 0.062666172953416921, -0.0056969248139484563, 0.0, 0.0, 0.0, 0.0, 0.0, 0.22218006774393295, 0.096847721837098888, 0.0, 0.0, 0.0, 0.0, 0.0, 0.074060022581310947, 0.096847721837098888, 0.0, 0.0, 0.0, 0.0, 0.0, -0.062666172953416921, 0.005696924813947124, 0.0, 0.0, 0.0, 0.0, 0.0, -0.0056969248139469957, -0.20508929330209158, -0.062666172953416921, 0.062666172953416921, 0.22218006774393295, 0.074060022581310947, -0.062666172953416921, -0.0056969248139469957], "minuend": 6}