{"subtrahend": 6, "vector": [-0.43739787999686031, -0.92565820974573176, -2.525079291401318, -1.1597789669827989, -0.47911071479690603, -0.63240303546835297, -0.6414687364125391, -0.43739787999686031, -0.032153346274568562, -0.6351150442344351, 0.014965138428541858, 0.068618662721721901, -0.006459796746001889, 0.11238189069099924, -0.92565820974573176, -0.032153346274568562, -0.27218706039239726, 0.062921737907774888, -0.073063776255016366, -0.069125969699418865, 0.049715717737582321, -2.525079291401318, -0.6351150442344351, -0.27218706039239726, -0.39739595940390826, -1.0236700059246844, -0.63240303546835297, -0.6414687364125391, -1.1597789669827989, 0.014965138428541858, 0.062921737907774888, -0.39739595940390826, -0.16318261699534942, 0.036240613216626083, -0.096323072531977139, -0.47911071479690603, 0.068618662721721901, -0.073063776255016366, -1.0236700059246844, -0.16318261699534942, 0.063437716049184356, -0.069125969699418865, -0.63240303546835297, -0.006459796746001889, -0.069125969699418865, -0.63240303546835297, 0.036240613216626083, 0.063437716049184356, 0.050231695878991761, -0.6414687364125391, 0.11238189069099924, 0.049715717737582321, -0.6414687364125391, -0.096323072531977139, -0.069125969699418865, 0.050231695878991761], "minuend": 9}