{"subtrahend": 12, "vector": [0.13678024402319677, 0.57701261392327252, 1.2106167629281339, 0.59450809721775855, 0.23221731531337819, 0.29261710647852213, 0.30594976240130145, 0.13678024402319677, 0.14504815659303366, 0.47480320427363942, 0.10920519744272172, -0.058850384158022573, 0.059937254790509764, -0.071928615125452178, 0.57701261392327252, 0.14504815659303366, 0.060943226481387391, -0.062215351258136042, -0.014203895875311234, 0.073123450844421956, -0.085114811179364314, 1.2106167629281339, 0.47480320427363942, 0.060943226481387391, 0.137705316772465, 0.36030951455132909, 0.28805339428259846, 0.25112356449979933, 0.59450809721775855, 0.10920519744272172, -0.062215351258136042, 0.137705316772465, 0.067653913290422252, -0.05356971063211502, 0.10189333314386662, 0.23221731531337819, -0.058850384158022573, -0.014203895875311234, 0.36030951455132909, 0.067653913290422252, -0.12341300269487332, 0.051692498988705537, 0.29261710647852213, 0.059937254790509764, 0.073123450844421956, 0.28805339428259846, -0.05356971063211502, -0.12341300269487332, -0.078866660744963596, 0.30594976240130145, -0.071928615125452178, -0.085114811179364314, 0.25112356449979933, 0.10189333314386662, 0.051692498988705537, -0.078866660744963596], "minuend": 15}