{"subtrahend": 18, "vector": [-0.045625000000000027, -0.24840277777777775, 0.0050694444444445708, -0.25854166666666689, 0.147013888888889, 0.0, 0.02534722222222241, -0.045625000000000027, -0.10138888888888886, -0.081111111111110912, -0.25347222222222232, -0.13180555555555551, -0.045624999999999999, 0.0, -0.24840277777777775, -0.10138888888888886, 0.10138888888888897, 0.0, -0.20277777777777795, -0.055763888888888891, 0.030416666666666647, 0.0050694444444445708, -0.081111111111110912, 0.10138888888888897, 0.23319444444444448, -0.15208333333333313, 0.0050694444444445708, 0.060833333333333517, -0.25854166666666689, -0.25347222222222232, 0.0, 0.23319444444444448, -0.22305555555555556, -0.065902777777777755, -0.1216666666666667, 0.147013888888889, -0.13180555555555551, -0.20277777777777795, -0.15208333333333313, -0.22305555555555556, -0.045624999999999971, -0.1216666666666667, 0.0, -0.045624999999999999, -0.055763888888888891, 0.0050694444444445708, -0.065902777777777755, -0.045624999999999971, 0.025347222222222222, 0.02534722222222241, 0.0, 0.030416666666666647, 0.060833333333333517, -0.1216666666666667, -0.1216666666666667, 0.025347222222222222], "minuend": 21}