{"subtrahend": 24, "vector": [-0.13532221926660037, -0.35994191289594335, -0.77666328930623241, -0.3773441616295008, -0.21967629122558874, -0.27909145195928553, -0.28591895600503214, -0.13532221926660037, -0.041324972119836767, -0.12494892299091598, 0.11156847663451153, 0.040594339184401029, -0.020662486059918383, 0.030369061020985355, -0.35994191289594335, -0.041324972119836767, 0.024981092432898588, 0.1652993766318207, 0.0041174138846173935, -0.020662486059918383, 0.035894566400379968, -0.77666328930623241, -0.12494892299091598, 0.024981092432898588, -0.082649944239673534, -0.29953178288891902, -0.11008701589300784, -0.14162053878903746, -0.3773441616295008, 0.11156847663451153, 0.1652993766318207, -0.082649944239673534, -0.045103912648546407, 0.11152629542690468, 0.024737718736928815, -0.21967629122558874, 0.040594339184401029, 0.0041174138846173935, -0.29953178288891902, -0.045103912648546407, 0.037016591144054312, -0.025065966695638708, -0.27909145195928553, -0.020662486059918383, -0.020662486059918383, -0.11008701589300784, 0.11152629542690468, 0.037016591144054312, 0.023404020183930681, -0.28591895600503214, 0.030369061020985355, 0.035894566400379968, -0.14162053878903746, 0.024737718736928815, -0.025065966695638708, 0.023404020183930681], "minuend": 27}