{"subtrahend": 27, "vector": [0.022709481863947056, 0.07020865481721561, -0.014854844574538895, 0.035806665438310237, -0.14636118107856677, 0.012125569423419247, -0.018105954806258318, 0.022709481863947056, 0.057274244159549514, 0.073331480329897225, 0.19668342570433328, 0.13596081019870754, -0.0035652588726061696, 0.079235840227134258, 0.07020865481721561, 0.057274244159549514, -0.072420146369823191, 0.014322666175324184, 0.15544564907116021, -0.043434873385077843, 0.0091347014849850749, -0.014854844574538895, 0.073331480329897225, -0.072420146369823191, 0.037876152718192113, 0.30044436662527918, 0.010869271480008713, 0.017440468338766557, 0.035806665438310237, 0.19668342570433328, 0.014322666175324184, 0.037876152718192113, 0.14385930713723882, 0.15809522588146785, 0.02534901197577627, -0.14636118107856677, 0.13596081019870754, 0.15544564907116021, 0.30044436662527918, 0.14385930713723882, 0.19966357169727433, 0.06691735779158281, 0.012125569423419247, -0.0035652588726061696, -0.043434873385077843, 0.010869271480008713, 0.15809522588146785, 0.19966357169727433, 0.04994511480595111, -0.018105954806258318, 0.079235840227134258, 0.0091347014849850749, 0.017440468338766557, 0.02534901197577627, 0.06691735779158281, 0.04994511480595111], "minuend": 30}