{"subtrahend": 30, "vector": [0.015107709750566856, -0.11954648526077083, -0.4053897392290251, -0.11928854875283434, -0.047205215419501068, -0.11760204081632653, -0.080102040816326436, 0.015107709750566856, -0.068304988662131472, -0.2329180839002265, -0.052009637188208613, -0.094648526077097506, -0.0019501133786848091, 0.041128117913832196, -0.11954648526077083, -0.068304988662131472, -0.023263888888888862, 0.021034580498866307, -0.16295351473922914, 0.037919501133786865, 0.08099773242630387, -0.4053897392290251, -0.2329180839002265, -0.023263888888888862, -0.13181264172335605, -0.4117729591836734, -0.098399943310657489, -0.097702664399092809, -0.11928854875283434, -0.052009637188208613, 0.021034580498866307, -0.13181264172335605, -0.069861111111111152, -0.070138888888888862, -0.040308956916099759, -0.047205215419501068, -0.094648526077097506, -0.16295351473922914, -0.4117729591836734, -0.069861111111111152, -0.18888888888888888, -0.12155895691609978, -0.11760204081632653, -0.0019501133786848091, 0.037919501133786865, -0.098399943310657489, -0.070138888888888862, -0.18888888888888888, 0.0020918367346938749, -0.080102040816326436, 0.041128117913832196, 0.08099773242630387, -0.097702664399092809, -0.040308956916099759, -0.12155895691609978, 0.0020918367346938749], "minuend": 33}