{"subtrahend": 36, "vector": [-0.027125520729482711, 0.0019281471588108445, -0.21550208580171759, -0.075229834709586108, -0.088858935042292808, 0.011127802628695171, -0.16202143559845172, -0.027125520729482711, 0.034858240255684736, 0.046064227491220855, 0.051389626772086805, 0.021563398608531625, 0.053077492704019652, -0.11212382341502963, 0.0019281471588108445, 0.034858240255684736, 0.0170105596029273, 0.016945998828358677, 0.056421638864216694, 0.01573157857659585, -0.074777909287605859, -0.21550208580171759, 0.046064227491220855, 0.0170105596029273, -0.16514465177039794, -0.13110201230635354, -0.11109518906105542, -0.060168942523659341, -0.075229834709586108, 0.051389626772086805, 0.016945998828358677, -0.16514465177039794, 0.033843229733983016, -0.065443404862229104, 0.11375285597874896, -0.088858935042292808, 0.021563398608531625, 0.056421638864216694, -0.13110201230635354, 0.033843229733983016, -0.016689924749646146, 0.065042416382545015, 0.011127802628695171, 0.053077492704019652, 0.01573157857659585, -0.11109518906105542, -0.065443404862229104, -0.016689924749646146, -0.07609993083031634, -0.16202143559845172, -0.11212382341502963, -0.074777909287605859, -0.060168942523659341, 0.11375285597874896, 0.065042416382545015, -0.07609993083031634], "minuend": 39}