{"subtrahend": 45, "vector": [-0.088939909297052089, -0.052137188208616791, -0.0030668934240365431, 0.064404761904761632, 0.064404761904761965, -0.021468253968254025, 0.036802721088435408, -0.088939909297052089, 0.073605442176870706, 0.20854875283446717, 0.19628117913832188, 0.11654195011337865, 0.067471655328798202, 0.17481292517006808, -0.052137188208616791, 0.073605442176870706, 0.0, 0.0, 0.0, 0.0, 0.07053854875283444, -0.0030668934240365431, 0.20854875283446717, 0.0, 0.0, 0.0, 0.0, 0.021468253968253803, 0.064404761904761632, 0.19628117913832188, 0.0, 0.0, 0.0, 0.0, -0.046003401360544205, 0.064404761904761965, 0.11654195011337865, 0.0, 0.0, 0.0, 0.0, -0.046003401360544205, -0.021468253968254025, 0.067471655328798202, 0.0, 0.0, 0.0, 0.0, 0.03986961451247166, 0.036802721088435408, 0.17481292517006808, 0.07053854875283444, 0.021468253968253803, -0.046003401360544205, -0.046003401360544205, 0.03986961451247166], "minuend": 48}