{"subtrahend": 48, "vector": [0.6417693809169972, 1.8007819593463772, 5.2638221716895286, 2.2908314972538752, 0.53430559671229472, 1.2247154635573028, 1.229295384632785, 0.6417693809169972, 0.26965230641089144, 2.132896191154015, 0.33001005998415622, -0.17248111792662724, 0.17028455603829368, -0.038386711159606013, 1.8007819593463772, 0.26965230641089144, 0.83061864998408519, -0.14643294288289088, 0.17691041750920755, 0.13852168918049051, -0.07014957801740912, 5.2638221716895286, 2.132896191154015, 0.83061864998408519, 0.53022644691310639, 2.2769176677202871, 1.3504580939427901, 1.3550380150182726, 2.2908314972538752, 0.33001005998415622, -0.14643294288289088, 0.53022644691310639, 0.58223040693572703, -0.11320860031734969, 0.18133568275356587, 0.53430559671229472, -0.17248111792662724, 0.17691041750920755, 2.2769176677202871, 0.58223040693572703, -0.15799555469702098, 0.13654872837389459, 1.2247154635573028, 0.17028455603829368, 0.13852168918049051, 1.3504580939427901, -0.11320860031734969, -0.15799555469702098, -0.12422960273404149, 1.229295384632785, -0.038386711159606013, -0.07014957801740912, 1.3550380150182726, 0.18133568275356587, 0.13654872837389459, -0.12422960273404149], "minuend": 51}