{"subtrahend": 54, "vector": [-0.20377973674676975, -0.91505320076748609, -1.3702149498852787, -0.90575145245474875, -0.22334259147445956, -0.35946745562130156, -0.36272793140924975, -0.20377973674676975, -0.24776261589448401, -0.57139838183794245, -0.25513223040695565, -0.11737712836613934, -0.049722255766211809, -0.069285110493901736, -0.91505320076748609, -0.24776261589448401, -0.015742194313622893, 0.023531108695943881, -0.36513974426062346, -0.11208053241020272, -0.1316433871378927, -1.3702149498852787, -0.57139838183794245, -0.015742194313622893, 0.060399307652054812, -0.59096123656563204, -0.32604757879483159, -0.32930805458277979, -0.90575145245474875, -0.25513223040695565, 0.023531108695943881, 0.060399307652054812, -0.27380952380952384, -0.068543788324008093, -0.071656670557769475, -0.22334259147445956, -0.11737712836613934, -0.36513974426062346, -0.59096123656563204, -0.27380952380952384, -0.069285110493901736, -0.049722255766211809, -0.35946745562130156, -0.049722255766211809, -0.11208053241020272, -0.32604757879483159, -0.068543788324008093, -0.069285110493901736, -0.0032604757879483165, -0.36272793140924975, -0.069285110493901736, -0.1316433871378927, -0.32930805458277979, -0.071656670557769475, -0.049722255766211809, -0.0032604757879483165], "minuend": 57}