{"subtrahend": 60, "vector": [-0.036099149023272048, 0.23223803662591536, 0.94566420295950238, 0.35669728084546914, 0.068171787475063805, 0.10595515318442494, 0.37432487233092226, -0.036099149023272048, 0.12112984632730972, 0.57589285555545988, 0.12221733739007701, -0.019100816658450981, -0.010759661897193962, 0.071500256512648186, 0.23223803662591536, 0.12112984632730972, 0.15193839340987481, -0.019100816658450981, 0.081840721947640471, -0.010759661897193962, -0.084117019983749264, 0.94566420295950238, 0.57589285555545988, 0.15193839340987481, 0.21870666697986496, 0.6224728214042301, 0.37180133386577019, 0.10847869164957702, 0.35669728084546914, 0.12221733739007701, -0.019100816658450981, 0.21870666697986496, 0.12112984632730972, 0.082435589861641345, -0.012792434922900442, 0.068171787475063805, -0.019100816658450981, 0.081840721947640471, 0.6224728214042301, 0.12112984632730972, 0.062247282140423077, 0.12263653385227863, 0.10595515318442494, -0.010759661897193962, -0.010759661897193962, 0.37180133386577019, 0.082435589861641345, 0.062247282140423077, 0.0073252326757339862, 0.37432487233092226, 0.071500256512648186, -0.084117019983749264, 0.10847869164957702, -0.012792434922900442, 0.12263653385227863, 0.0073252326757339862], "minuend": 63}