{"subtrahend": 63, "vector": [0.058356478686149016, 0.058356478686149238, 0.0, -0.097260797810248434, -0.097260797810248212, -0.006484053187350014, -0.26584618068134525, 0.058356478686149016, 0.0, 0.05835647868614835, 0.0, 0.0, 0.0, 0.0, 0.058356478686149238, 0.0, 0.058356478686149016, 0.0, 0.0, 0.0, 0.15561727649639745, 0.0, 0.05835647868614835, 0.058356478686149016, -0.097260797810248434, -0.097260797810248434, -0.006484053187350014, 0.26584618068134525, -0.097260797810248434, 0.0, 0.0, -0.097260797810248434, 0.0, 0.0, 0.012968106374699806, -0.097260797810248212, 0.0, 0.0, -0.097260797810248434, 0.0, 0.0, -0.14264917012169759, -0.006484053187350014, 0.0, 0.0, -0.006484053187350014, 0.0, 0.0, 0.012968106374699782, -0.26584618068134525, 0.0, 0.15561727649639745, 0.26584618068134525, 0.012968106374699806, -0.14264917012169759, 0.012968106374699782], "minuend": 66}