{"subtrahend": 69, "vector": [-0.015742194313622893, -0.57139838183794245, -1.3702149498852787, -0.23733714393055028, -0.1383085778690174, -0.087952340699593456, -0.36272793140924975, -0.015742194313622893, -0.24776261589448401, -0.91505320076748609, -0.11340887439788538, 0.017862174455581026, 0.012636020877779153, -0.15357780192945025, -0.57139838183794245, -0.24776261589448401, -0.20377973674676975, 0.040537911417032335, -0.074283164942505753, -0.049722255766211809, -0.060318802077043876, -1.3702149498852787, -0.91505320076748609, -0.20377973674676975, -0.26773135289618799, -0.50592722296018966, -0.58622482523581398, -0.32930805458277979, -0.23733714393055028, -0.11340887439788538, 0.040537911417032335, -0.26773135289618799, 0.024346227642930929, -0.079881656804733692, 0.086332166002495714, -0.1383085778690174, 0.017862174455581026, -0.074283164942505753, -0.50592722296018966, 0.024346227642930929, 0.002039474566947086, 0.012636020877779153, -0.087952340699593456, 0.012636020877779153, -0.049722255766211809, -0.58622482523581398, -0.079881656804733692, 0.002039474566947086, -0.026751331696386639, -0.36272793140924975, -0.15357780192945025, -0.060318802077043876, -0.32930805458277979, 0.086332166002495714, 0.012636020877779153, -0.026751331696386639], "minuend": 72}