{"subtrahend": 9, "vector": [-0.013560014733255854, -0.57701261392327252, -1.2060530507322103, -0.59450809721775855, -0.099869661631589945, -0.29261710647852213, -0.15078354773989444, -0.013560014733255854, -0.25001353709927959, -0.74862593602906324, -0.22329800234081509, 0.058850384158022573, -0.11013808894567087, -0.0056544922052512714, -0.57701261392327252, -0.25001353709927959, -0.11114406063654847, 0.062215351258136042, -0.081634060239087258, -0.073123450844421956, -0.042669130306500214, -1.2060530507322103, -0.74862593602906324, -0.11114406063654847, -0.05099478504991406, -0.4880934560371939, -0.29261710647852213, -0.41998091574897756, -0.59450809721775855, -0.22329800234081509, 0.062215351258136042, -0.05099478504991406, -0.17261929379666818, 0.05356971063211502, -0.10189333314386662, -0.099869661631589945, 0.058850384158022573, -0.081634060239087258, -0.4880934560371939, -0.17261929379666818, 0.08233959293155968, 0.0076357595583029791, -0.29261710647852213, -0.11013808894567087, -0.073123450844421956, -0.29261710647852213, 0.05356971063211502, 0.08233959293155968, 0.051484387569421197, -0.15078354773989444, -0.0056544922052512714, -0.042669130306500214, -0.41998091574897756, -0.10189333314386662, 0.0076357595583029791, 0.051484387569421197], "minuend": 12}