{"subtrahend": 15, "vector": [0.061565992767915745, 0.27852512738330049, 1.1160608768902041, 0.38283931213017786, 0.0077401791584483792, 0.17800562952005272, 0.20431582840236673, 0.061565992767915745, 0.061193602071005881, 0.55234785913872431, 0.03960131081525331, -0.037787845167652878, 0.025286612426035499, -0.025468441814595622, 0.27852512738330049, 0.061193602071005881, 0.23498705621301774, -0.032718400723208418, 0.12380742521367538, 0.030849667159763283, -0.031031496548323434, 1.1160608768902041, 0.55234785913872431, 0.23498705621301774, 0.15381533530571989, 0.7084528065417488, 0.38027767504930954, 0.33063106097961859, 0.38283931213017786, 0.03960131081525331, -0.032718400723208418, 0.15381533530571989, 0.17779082429322812, -0.020965339414858675, 0.042987241124260389, 0.0077401791584483792, -0.037787845167652878, 0.12380742521367538, 0.7084528065417488, 0.17779082429322812, 0.0079704963839578591, 0.093188075279421467, 0.17800562952005272, 0.025286612426035499, 0.030849667159763283, 0.38027767504930954, -0.020965339414858675, 0.0079704963839578591, -0.020289899737015123, 0.20431582840236673, -0.025468441814595622, -0.031031496548323434, 0.33063106097961859, 0.042987241124260389, 0.093188075279421467, -0.020289899737015123], "minuend": 18}