{"subtrahend": 21, "vector": [-0.16471719457013567, -0.32495636777161252, -1.7656615713346486, -0.46195173283375279, -0.2130073122763434, -0.18300152109225176, -0.38927582615016099, -0.16471719457013567, -0.0096581722664701442, -0.77636725121653249, -0.070131154039525079, 0.068787821138433292, 0.043330636088987157, -0.01913579693972961, -0.32495636777161252, -0.0096581722664701442, -0.42290816828529765, -0.068087178861566677, 0.061654340672340435, -0.0022943639110128422, 0.030917444132775529, -1.7656615713346486, -0.77636725121653249, -0.42290816828529765, -0.49584412231071817, -0.75045906899713133, -0.69460453449856563, -0.51117282070619185, -0.46195173283375279, -0.070131154039525079, -0.068087178861566677, -0.49584412231071817, -0.0045887278220256844, -0.11135763241948365, -0.012763884907716405, -0.2130073122763434, 0.068787821138433292, 0.061654340672340435, -0.75045906899713133, -0.0045887278220256844, 0.022972614936449143, -0.0045285452909554214, -0.18300152109225176, 0.043330636088987157, -0.0022943639110128422, -0.69460453449856563, -0.11135763241948365, 0.022972614936449143, -0.013635416169020108, -0.38927582615016099, -0.01913579693972961, 0.030917444132775529, -0.51117282070619185, -0.012763884907716405, -0.0045285452909554214, -0.013635416169020108], "minuend": 24}