{"width": 8, "vector": [0.88633219954648523, 2.4841836734693876, 5.1585147392290249, 2.7111337868480727, 0.99674036281179135, 1.4015702947845805, 1.3647675736961451, 0.88633219954648523, 0.44469954648526078, 2.2234977324263037, 1.5119784580498867, 0.99367346938775514, 0.15947845804988661, 0.41709750566893422, 2.4841836734693876, 0.44469954648526078, 0.79739229024943314, 1.1102154195011338, 1.5487811791383219, 0.18708049886621314, 0.48150226757369613, 5.1585147392290249, 2.2234977324263037, 0.79739229024943314, 0.88939909297052155, 2.4443140589569161, 1.2543594104308391, 1.2543594104308391, 2.7111337868480727, 1.5119784580498867, 1.1102154195011338, 0.88939909297052155, 0.51830498866213148, 0.75138888888888888, 0.34655895691609978, 0.99674036281179135, 0.99367346938775514, 1.5487811791383219, 2.4443140589569161, 0.51830498866213148, 0.71151927437641727, 0.30668934240362811, 1.4015702947845805, 0.15947845804988661, 0.18708049886621314, 1.2543594104308391, 0.75138888888888888, 0.71151927437641727, 0.11040816326530613, 1.3647675736961451, 0.41709750566893422, 0.48150226757369613, 1.2543594104308391, 0.34655895691609978, 0.30668934240362811, 0.11040816326530613], "frame_number": 46, "height": 8}