{"width": 8, "vector": [0.77468280838548609, 2.3618378304435552, 5.1733695838035638, 2.7397318833145241, 1.1185663964980679, 1.3679764713929072, 1.3982079956225848, 0.77468280838548609, 0.46103074450258197, 2.3127116035703295, 1.5115762114838753, 0.97118771587838992, 0.23051537225129098, 0.44213604185903355, 2.3618378304435552, 0.46103074450258197, 0.82380903525871207, 1.0958927533258096, 1.4700078656680688, 0.23051537225129098, 0.47236756608871106, 5.1733695838035638, 2.3127116035703295, 0.82380903525871207, 0.92206148900516394, 2.3769535925583942, 1.2281556718306488, 1.2583871960603263, 2.7397318833145241, 1.5115762114838753, 1.0958927533258096, 0.92206148900516394, 0.45725180397387233, 0.59329366300742103, 0.32120994494032351, 1.1185663964980679, 0.97118771587838992, 1.4700078656680688, 2.3769535925583942, 0.45725180397387233, 0.55172531719161455, 0.27964159912451697, 1.3679764713929072, 0.23051537225129098, 0.23051537225129098, 1.2281556718306488, 0.59329366300742103, 0.55172531719161455, 0.060463048459355018, 1.3982079956225848, 0.44213604185903355, 0.47236756608871106, 1.2583871960603263, 0.32120994494032351, 0.27964159912451697, 0.060463048459355018], "frame_number": 28, "height": 8}