{"width": 8, "vector": [0.87880070308274738, 2.4113804759329369, 5.3670700378583014, 2.7519537587885345, 1.0521281773931854, 1.368374797187669, 1.4170281233098971, 0.87880070308274738, 0.43787993510005407, 2.3657679826933475, 1.6116414277988103, 1.0977406706327744, 0.18549080584099514, 0.62337074094104916, 2.4113804759329369, 0.43787993510005407, 0.83318820984315844, 1.1007815035154138, 1.5356206057328285, 0.18549080584099514, 0.62337074094104916, 5.3670700378583014, 2.3657679826933475, 0.83318820984315844, 1.03388318009735, 2.6546471065440778, 1.3531706327744726, 1.4504772850189291, 2.7519537587885345, 1.6116414277988103, 1.1007815035154138, 1.03388318009735, 0.51390075716603567, 0.74500405624661981, 0.25847079502433751, 1.0521281773931854, 1.0977406706327744, 1.5356206057328285, 2.6546471065440778, 0.51390075716603567, 0.70547322877230934, 0.21893996755002704, 1.368374797187669, 0.18549080584099514, 0.18549080584099514, 1.3531706327744726, 0.74500405624661981, 0.70547322877230934, 0.19461330448891292, 1.4170281233098971, 0.62337074094104916, 0.62337074094104916, 1.4504772850189291, 0.25847079502433751, 0.21893996755002704, 0.19461330448891292], "frame_number": 42, "height": 8}