{"width": 8, "vector": [0.86734693877551017, 2.295918367346939, 4.7647392290249435, 2.5651927437641722, 0.89852607709750565, 1.2755102040816326, 1.2755102040816326, 0.86734693877551017, 0.40816326530612246, 2.1456916099773244, 1.6128117913832201, 1.1366213151927438, 0.20408163265306123, 0.51020408163265307, 2.295918367346939, 0.40816326530612246, 0.78514739229024944, 1.1366213151927438, 1.6128117913832201, 0.20408163265306123, 0.51020408163265307, 4.7647392290249435, 2.1456916099773244, 0.78514739229024944, 0.82199546485260766, 2.4092970521541952, 1.159297052154195, 1.159297052154195, 2.5651927437641722, 1.6128117913832201, 1.1366213151927438, 0.82199546485260766, 0.55555555555555558, 0.69444444444444442, 0.32029478458049887, 0.89852607709750565, 1.1366213151927438, 1.6128117913832201, 2.4092970521541952, 0.55555555555555558, 0.69444444444444442, 0.32029478458049887, 1.2755102040816326, 0.20408163265306123, 0.20408163265306123, 1.159297052154195, 0.69444444444444442, 0.69444444444444442, 0.10204081632653061, 1.2755102040816326, 0.51020408163265307, 0.51020408163265307, 1.159297052154195, 0.32029478458049887, 0.32029478458049887, 0.10204081632653061], "frame_number": 32, "height": 8}