{"width": 8, "vector": [0.83179536011080335, 2.2882860110803325, 5.1639213988919668, 2.7058812326869806, 1.0762413434903046, 1.2392053324099723, 1.4123545706371192, 0.83179536011080335, 0.41080505540166207, 2.2882860110803325, 1.588898891966759, 1.1000069252077562, 0.16975415512465375, 0.53302804709141272, 2.2882860110803325, 0.41080505540166207, 0.83179536011080335, 1.1034020083102494, 1.5108119806094182, 0.20710006925207755, 0.49568213296398894, 5.1639213988919668, 2.2882860110803325, 0.83179536011080335, 0.9845740997229917, 2.5327319944598337, 1.3716135734072021, 1.2799463296398892, 2.7058812326869806, 1.588898891966759, 1.1034020083102494, 0.9845740997229917, 0.48889196675900276, 0.74012811634349029, 0.28858206371191136, 1.0762413434903046, 1.1000069252077562, 1.5108119806094182, 2.5327319944598337, 0.48889196675900276, 0.65864612188365645, 0.28858206371191136, 1.2392053324099723, 0.16975415512465375, 0.20710006925207755, 1.3716135734072021, 0.74012811634349029, 0.65864612188365645, 0.12561807479224377, 1.4123545706371192, 0.53302804709141272, 0.49568213296398894, 1.2799463296398892, 0.28858206371191136, 0.28858206371191136, 0.12561807479224377], "frame_number": 14, "height": 8}