{"width": 8, "vector": [0.80466983938132064, 2.2902141582391433, 4.9518143961927423, 2.6306513979773944, 0.91608566329565733, 1.2503331350386675, 1.2503331350386675, 0.80466983938132064, 0.4456632956573468, 2.2902141582391433, 1.6402885187388458, 1.0027424152290303, 0.2228316478286734, 0.42090422367638308, 2.2902141582391433, 0.4456632956573468, 0.80466983938132064, 1.120348007138608, 1.4484057108863773, 0.2228316478286734, 0.42090422367638308, 4.9518143961927423, 2.2902141582391433, 0.80466983938132064, 0.89751635930993456, 2.4016299821534801, 1.2503331350386675, 1.2503331350386675, 2.6306513979773944, 1.6402885187388458, 1.120348007138608, 0.89751635930993456, 0.52613027959547887, 0.67468471148126119, 0.40233491969066032, 0.91608566329565733, 1.0027424152290303, 1.4484057108863773, 2.4016299821534801, 0.52613027959547887, 0.55707911957168355, 0.3094883997620464, 1.2503331350386675, 0.2228316478286734, 0.2228316478286734, 1.2503331350386675, 0.67468471148126119, 0.55707911957168355, 0.049518143961927427, 1.2503331350386675, 0.42090422367638308, 0.42090422367638308, 1.2503331350386675, 0.40233491969066032, 0.3094883997620464, 0.049518143961927427], "frame_number": 40, "height": 8}