{"width": 8, "vector": [0.90312499999999996, 2.3125, 4.7531249999999998, 2.65625, 0.99062499999999998, 1.2625, 1.2625, 0.90312499999999996, 0.37812499999999999, 2.0, 1.578125, 1.1312500000000001, 0.19062499999999999, 0.390625, 2.3125, 0.37812499999999999, 0.72812500000000002, 1.1312500000000001, 1.578125, 0.22500000000000001, 0.42499999999999999, 4.7531249999999998, 2.0, 0.72812500000000002, 0.828125, 2.3312499999999998, 1.140625, 1.140625, 2.65625, 1.578125, 1.1312500000000001, 0.828125, 0.52812499999999996, 0.68125000000000002, 0.40625, 0.99062499999999998, 1.1312500000000001, 1.578125, 2.3312499999999998, 0.52812499999999996, 0.640625, 0.36562499999999998, 1.2625, 0.19062499999999999, 0.22500000000000001, 1.140625, 0.68125000000000002, 0.640625, 0.050000000000000003, 1.2625, 0.390625, 0.42499999999999999, 1.140625, 0.40625, 0.36562499999999998, 0.050000000000000003], "frame_number": 33, "height": 8}