{"width": 8, "vector": [1.3869378698224852, 4.1935244082840235, 9.9506250000000005, 4.8411982248520706, 1.7009615384615384, 2.3682618343195267, 2.6757433431952662, 1.3869378698224852, 0.79160133136094679, 4.1935244082840235, 1.8841420118343195, 0.94207100591715975, 0.32710798816568049, 0.5560835798816568, 4.1935244082840235, 0.79160133136094679, 1.3869378698224852, 0.94861316568047338, 1.7336723372781064, 0.39907174556213015, 0.48411982248520707, 9.9506250000000005, 4.1935244082840235, 1.3869378698224852, 1.5243232248520711, 4.5075480769230767, 2.6234060650887572, 2.4205991124260353, 4.8411982248520706, 1.8841420118343195, 0.94861316568047338, 1.5243232248520711, 0.94207100591715975, 0.64113165680473372, 0.39907174556213015, 1.7009615384615384, 0.94207100591715975, 1.7336723372781064, 4.5075480769230767, 0.94207100591715975, 0.48411982248520707, 0.39907174556213015, 2.3682618343195267, 0.32710798816568049, 0.39907174556213015, 2.6234060650887572, 0.64113165680473372, 0.48411982248520707, 0.032710798816568049, 2.6757433431952662, 0.5560835798816568, 0.48411982248520707, 2.4205991124260353, 0.39907174556213015, 0.39907174556213015, 0.032710798816568049], "frame_number": 5, "height": 8}