{"width": 8, "vector": [0.83318820984315844, 2.3657679826933475, 5.3670700378583014, 2.8218929150892373, 1.1220673336938887, 1.368374797187669, 1.4170281233098971, 0.83318820984315844, 0.43787993510005407, 2.3262371552190375, 1.6116414277988103, 1.0977406706327744, 0.15812330989724174, 0.54734991887506756, 2.3657679826933475, 0.43787993510005407, 0.79365738236884797, 1.1007815035154138, 1.5356206057328285, 0.15812330989724174, 0.54734991887506756, 5.3670700378583014, 2.3262371552190375, 0.79365738236884797, 1.1099040021633315, 2.7306679286100595, 1.3531706327744726, 1.4504772850189291, 2.8218929150892373, 1.6116414277988103, 1.1007815035154138, 1.1099040021633315, 0.51390075716603567, 0.83318820984315844, 0.29800162249864792, 1.1220673336938887, 1.0977406706327744, 1.5356206057328285, 2.7306679286100595, 0.51390075716603567, 0.79365738236884797, 0.25847079502433751, 1.368374797187669, 0.15812330989724174, 0.15812330989724174, 1.3531706327744726, 0.83318820984315844, 0.79365738236884797, 0.19461330448891292, 1.4170281233098971, 0.54734991887506756, 0.54734991887506756, 1.4504772850189291, 0.29800162249864792, 0.25847079502433751, 0.19461330448891292], "frame_number": 43, "height": 8}