{"width": 8, "vector": [0.74423900037905311, 2.1182186933865355, 4.582794767718708, 2.4989255666573591, 0.90739908892369159, 1.1707451967501259, 1.1707451967501259, 0.74423900037905311, 0.41219390790224475, 2.1668804741805507, 1.62873842775262, 1.0333472274493776, 0.17460991931970091, 0.44940585792119742, 2.1182186933865355, 0.41219390790224475, 0.79290078117306806, 1.147845535200001, 1.4455411353516223, 0.17460991931970091, 0.44940585792119742, 4.582794767718708, 2.1668804741805507, 0.79290078117306806, 0.83011273119202078, 2.221267170362097, 1.1907824006064849, 1.1564329082812979, 2.4989255666573591, 1.62873842775262, 1.147845535200001, 0.83011273119202078, 0.48661780794015008, 0.7843134080917713, 0.37211950018952655, 0.90739908892369159, 1.0333472274493776, 1.4455411353516223, 2.221267170362097, 0.48661780794015008, 0.6640901849536166, 0.28624576937655888, 1.1707451967501259, 0.17460991931970091, 0.17460991931970091, 1.1907824006064849, 0.7843134080917713, 0.6640901849536166, 0.10304847697556119, 1.1707451967501259, 0.44940585792119742, 0.44940585792119742, 1.1564329082812979, 0.37211950018952655, 0.28624576937655888, 0.10304847697556119], "frame_number": 39, "height": 8}