{"width": 8, "vector": [1.3802168367346939, 3.6710331632653062, 8.710829081632653, 4.2380102040816325, 1.9300127551020407, 2.2965433673469389, 2.577168367346939, 1.3802168367346939, 0.57270408163265307, 3.390408163265306, 1.5176658163265306, 0.97359693877551023, 0.28635204081632654, 0.48679846938775512, 3.6710331632653062, 0.57270408163265307, 1.2141326530612244, 0.83042091836734699, 1.4317602040816326, 0.28635204081632654, 0.37225765306122449, 8.710829081632653, 3.390408163265306, 1.2141326530612244, 1.3344005102040817, 3.4934948979591836, 2.0731887755102041, 1.9071045918367346, 4.2380102040816325, 1.5176658163265306, 0.83042091836734699, 1.3344005102040817, 0.57843112244897954, 0.48679846938775512, 0.28635204081632654, 1.9300127551020407, 0.97359693877551023, 1.4317602040816326, 3.4934948979591836, 0.57843112244897954, 0.45816326530612245, 0.34934948979591834, 2.2965433673469389, 0.28635204081632654, 0.28635204081632654, 2.0731887755102041, 0.48679846938775512, 0.45816326530612245, 0.028635204081632653, 2.577168367346939, 0.48679846938775512, 0.37225765306122449, 1.9071045918367346, 0.28635204081632654, 0.34934948979591834, 0.028635204081632653], "frame_number": 24, "height": 8}