{"width": 8, "vector": [1.0039314990666341, 2.6909504098693287, 6.7118513107702293, 3.3119389659930198, 1.3454752049346643, 1.6818440061683304, 1.6973687200714227, 1.0039314990666341, 0.42434218001785567, 2.8203230257284311, 1.5007223439655872, 0.87973378784189593, 0.21217109000892784, 0.38294294294294295, 2.6909504098693287, 0.42434218001785567, 1.1436539241944648, 1.0349809268728187, 1.3454752049346643, 0.21217109000892784, 0.41399237074912748, 6.7118513107702293, 2.8203230257284311, 1.1436539241944648, 1.1643535427319212, 2.923821118415713, 1.6766691015339663, 1.7232432432432432, 3.3119389659930198, 1.5007223439655872, 1.0349809268728187, 1.1643535427319212, 0.51749046343640936, 0.60546384222059901, 0.37259313367421476, 1.3454752049346643, 0.87973378784189593, 1.3454752049346643, 2.923821118415713, 0.51749046343640936, 0.50196574953331707, 0.26909504098693288, 1.6818440061683304, 0.21217109000892784, 0.21217109000892784, 1.6766691015339663, 0.60546384222059901, 0.50196574953331707, 0.046574141709276845, 1.6973687200714227, 0.38294294294294295, 0.41399237074912748, 1.7232432432432432, 0.37259313367421476, 0.26909504098693288, 0.046574141709276845], "frame_number": 18, "height": 8}