{"width": 8, "vector": [1.393819855358317, 3.8921761998685076, 9.5003287310979623, 4.8652202498356347, 1.9000657462195925, 2.373438527284681, 2.6890203813280737, 1.393819855358317, 0.65746219592373434, 3.8461538461538463, 1.8934911242603549, 0.95332018408941488, 0.26955950032873111, 0.55884286653517423, 3.8921761998685076, 0.65746219592373434, 1.3477975016436554, 0.9730440499671269, 1.4792899408284024, 0.26955950032873111, 0.42735042735042733, 9.5003287310979623, 3.8461538461538463, 1.3477975016436554, 1.4792899408284024, 4.0105193951347795, 2.3800131492439185, 2.2353714661406969, 4.8652202498356347, 1.8934911242603549, 0.9730440499671269, 1.4792899408284024, 0.7955292570677186, 0.74293228139381984, 0.40105193951347795, 1.9000657462195925, 0.95332018408941488, 1.4792899408284024, 4.0105193951347795, 0.7955292570677186, 0.52596975673898749, 0.32873109796186717, 2.373438527284681, 0.26955950032873111, 0.26955950032873111, 2.3800131492439185, 0.74293228139381984, 0.52596975673898749, 0.065746219592373437, 2.6890203813280737, 0.55884286653517423, 0.42735042735042733, 2.2353714661406969, 0.40105193951347795, 0.32873109796186717, 0.065746219592373437], "frame_number": 23, "height": 8}