{"width": 8, "vector": [1.0587812294543064, 3.0166137615055884, 6.5900004109138726, 3.4547301323142667, 1.2641482782708744, 1.6520638149243918, 1.6885735124917818, 1.0587812294543064, 0.55220917570677186, 2.7929918639053253, 1.6840098002958579, 1.0268352440828403, 0.22818560979618671, 0.48375349276791585, 3.0166137615055884, 0.55220917570677186, 0.9355610001643655, 1.031398956278764, 1.5790444197896121, 0.27838644395134782, 0.53395432692307687, 6.5900004109138726, 2.7929918639053253, 0.9355610001643655, 1.0268352440828403, 2.9983589127218937, 1.6520638149243918, 1.6885735124917818, 3.4547301323142667, 1.6840098002958579, 1.031398956278764, 1.0268352440828403, 0.65717455621301779, 0.67999311719263644, 0.38791553665351741, 1.2641482782708744, 1.0268352440828403, 1.5790444197896121, 2.9983589127218937, 0.65717455621301779, 0.57046402449046685, 0.27838644395134782, 1.6520638149243918, 0.22818560979618671, 0.27838644395134782, 1.6520638149243918, 0.67999311719263644, 0.57046402449046685, 0.073019395134779744, 1.6885735124917818, 0.48375349276791585, 0.53395432692307687, 1.6885735124917818, 0.38791553665351741, 0.27838644395134782, 0.073019395134779744], "frame_number": 35, "height": 8}