{"width": 8, "vector": [1.6144981614882186, 4.8693264550484665, 11.39189902746087, 5.3795078740787439, 1.7694899849910875, 2.8544327495111701, 2.8738067274490291, 1.6144981614882186, 0.92995094101721387, 4.8693264550484665, 2.0213516981832496, 0.92995094101721387, 0.46497547050860694, 0.54892937490599425, 4.8693264550484665, 0.92995094101721387, 1.6144981614882186, 0.93640893366316669, 1.8599018820344277, 0.46497547050860694, 0.54892937490599425, 11.39189902746087, 4.8693264550484665, 1.6144981614882186, 1.5822081982584542, 5.0243182785513358, 2.8544327495111701, 2.8738067274490291, 5.3795078740787439, 2.0213516981832496, 0.93640893366316669, 1.5822081982584542, 1.0914007571660358, 0.54892937490599425, 0.47789145580051268, 1.7694899849910875, 0.92995094101721387, 1.8599018820344277, 5.0243182785513358, 1.0914007571660358, 0.46497547050860694, 0.39393755140312531, 2.8544327495111701, 0.46497547050860694, 0.46497547050860694, 2.8544327495111701, 0.54892937490599425, 0.46497547050860694, 0.0064579926459528737, 2.8738067274490291, 0.54892937490599425, 0.54892937490599425, 2.8738067274490291, 0.47789145580051268, 0.39393755140312531, 0.0064579926459528737], "frame_number": 57, "height": 8}