{"width": 8, "vector": [0.79739229024943314, 2.4320464852607708, 5.1585147392290249, 2.7755385487528343, 0.97220521541950111, 1.3801020408163265, 1.3801020408163265, 0.79739229024943314, 0.51830498866213148, 2.3860430839002267, 1.7082596371882086, 1.1071485260770975, 0.22695011337868481, 0.5213718820861678, 2.4320464852607708, 0.51830498866213148, 0.75138888888888888, 1.1102154195011338, 1.6254535147392291, 0.18708049886621314, 0.48150226757369613, 5.1585147392290249, 2.3860430839002267, 0.75138888888888888, 0.95993764172335605, 2.6773979591836734, 1.2390249433106575, 1.2758276643990929, 2.7755385487528343, 1.7082596371882086, 1.1102154195011338, 0.95993764172335605, 0.60111111111111115, 0.75138888888888888, 0.34655895691609978, 0.97220521541950111, 1.1071485260770975, 1.6254535147392291, 2.6773979591836734, 0.60111111111111115, 0.75138888888888888, 0.34655895691609978, 1.3801020408163265, 0.22695011337868481, 0.18708049886621314, 1.2390249433106575, 0.75138888888888888, 0.75138888888888888, 0.11040816326530613, 1.3801020408163265, 0.5213718820861678, 0.48150226757369613, 1.2758276643990929, 0.34655895691609978, 0.34655895691609978, 0.11040816326530613], "frame_number": 31, "height": 8}