{"width": 8, "vector": [0.89057525951557093, 2.7534299307958476, 6.2136007785467129, 3.0925021626297577, 1.131602508650519, 1.4911007785467127, 1.5115268166089966, 0.89057525951557093, 0.58826989619377168, 2.9617755190311419, 1.7362132352941178, 1.0498983564013842, 0.2491976643598616, 0.55558823529411761, 2.7534299307958476, 0.58826989619377168, 1.0008758650519032, 1.0498983564013842, 1.5401232698961937, 0.2491976643598616, 0.55558823529411761, 6.2136007785467129, 2.9617755190311419, 1.0008758650519032, 1.0213019031141868, 2.8841565743944635, 1.650423875432526, 1.6708499134948096, 3.0925021626297577, 1.7362132352941178, 1.0498983564013842, 1.0213019031141868, 0.58826989619377168, 0.69448529411764703, 0.34724264705882352, 1.131602508650519, 1.0498983564013842, 1.5401232698961937, 2.8841565743944635, 0.58826989619377168, 0.59644031141868514, 0.2491976643598616, 1.4911007785467127, 0.2491976643598616, 0.2491976643598616, 1.650423875432526, 0.69448529411764703, 0.59644031141868514, 0.10213019031141868, 1.5115268166089966, 0.55558823529411761, 0.55558823529411761, 1.6708499134948096, 0.34724264705882352, 0.2491976643598616, 0.10213019031141868], "frame_number": 36, "height": 8}