{"width": 8, "vector": [1.2590203838822858, 3.9935442945768433, 9.1150797023151906, 4.5176613774599668, 1.4812004516262185, 2.2787699255787977, 2.3015576248345857, 1.2590203838822858, 0.82035717320836721, 3.9935442945768433, 1.9255605871140842, 0.96278029355704209, 0.34751241365076668, 0.48423860918549455, 3.9935442945768433, 0.82035717320836721, 1.2590203838822858, 0.9684772183709891, 1.7831374667654094, 0.34751241365076668, 0.48423860918549455, 9.1150797023151906, 3.9935442945768433, 1.2590203838822858, 1.3273834816496497, 4.2157243623207759, 2.2787699255787977, 2.3015576248345857, 4.5176613774599668, 1.9255605871140842, 0.9684772183709891, 1.3273834816496497, 0.96278029355704209, 0.64375250397601036, 0.48423860918549455, 1.4812004516262185, 0.96278029355704209, 1.7831374667654094, 4.2157243623207759, 0.96278029355704209, 0.56969248139469941, 0.4101785866041836, 2.2787699255787977, 0.34751241365076668, 0.34751241365076668, 2.2787699255787977, 0.64375250397601036, 0.56969248139469941, 0.022787699255787979, 2.3015576248345857, 0.48423860918549455, 0.48423860918549455, 2.3015576248345857, 0.48423860918549455, 0.4101785866041836, 0.022787699255787979], "frame_number": 59, "height": 8}