{"width": 8, "vector": [1.2528344671201814, 3.9739229024943312, 9.529478458049887, 4.4954648526077099, 1.6383219954648527, 2.2732426303854876, 2.31859410430839, 1.2528344671201814, 0.81632653061224492, 4.2743764172335599, 1.9160997732426304, 0.96371882086167804, 0.40816326530612246, 0.56689342403628118, 3.9739229024943312, 0.81632653061224492, 1.4172335600907029, 0.96371882086167804, 1.6439909297052153, 0.40816326530612246, 0.56689342403628118, 9.529478458049887, 4.2743764172335599, 1.4172335600907029, 1.473922902494331, 4.1950113378684808, 2.5056689342403629, 2.5510204081632653, 4.4954648526077099, 1.9160997732426304, 0.96371882086167804, 1.473922902494331, 0.81632653061224492, 0.55555555555555558, 0.41950113378684806, 1.6383219954648527, 0.96371882086167804, 1.6439909297052153, 4.1950113378684808, 0.81632653061224492, 0.41950113378684806, 0.28344671201814059, 2.2732426303854876, 0.40816326530612246, 0.40816326530612246, 2.5056689342403629, 0.55555555555555558, 0.41950113378684806, 0.022675736961451247, 2.31859410430839, 0.56689342403628118, 0.56689342403628118, 2.5510204081632653, 0.41950113378684806, 0.28344671201814059, 0.022675736961451247], "frame_number": 62, "height": 8}