{"width": 8, "vector": [0.83179536011080335, 2.2882860110803325, 5.1673164819944599, 2.7058812326869806, 1.0049445983379501, 1.2392053324099723, 1.4123545706371192, 0.83179536011080335, 0.41080505540166207, 2.2441499307479225, 1.588898891966759, 0.98117901662049867, 0.16975415512465375, 0.53302804709141272, 2.2882860110803325, 0.41080505540166207, 0.78765927977839334, 1.1034020083102494, 1.3919840720221606, 0.20710006925207755, 0.49568213296398894, 5.1673164819944599, 2.2441499307479225, 0.78765927977839334, 1.0626610110803325, 2.5327319944598337, 1.3614283240997229, 1.3105020775623268, 2.7058812326869806, 1.588898891966759, 1.1034020083102494, 1.0626610110803325, 0.49228704986149585, 0.74012811634349029, 0.28858206371191136, 1.0049445983379501, 0.98117901662049867, 1.3919840720221606, 2.5327319944598337, 0.49228704986149585, 0.57376904432132969, 0.24444598337950138, 1.2392053324099723, 0.16975415512465375, 0.20710006925207755, 1.3614283240997229, 0.74012811634349029, 0.57376904432132969, 0.12561807479224377, 1.4123545706371192, 0.53302804709141272, 0.49568213296398894, 1.3105020775623268, 0.28858206371191136, 0.24444598337950138, 0.12561807479224377], "frame_number": 37, "height": 8}