{"width": 8, "vector": [1.1136915856963447, 3.5880018507502149, 8.0629255073038539, 3.9961874545574725, 1.3102253949368763, 2.0157313768259635, 2.0358886905942231, 1.1136915856963447, 0.73070262409941178, 3.5325692378875009, 1.7032930134179392, 0.85164650670896958, 0.30739903496595944, 0.42834291757551723, 3.5880018507502149, 0.73070262409941178, 1.1691241985590588, 0.99274770308678695, 1.7133716703020689, 0.36283164782867339, 0.50393284420649087, 8.0629255073038539, 3.5325692378875009, 1.1691241985590588, 1.1741635270011237, 3.7291030471280324, 2.0157313768259635, 2.0358886905942231, 3.9961874545574725, 1.7032930134179392, 0.99274770308678695, 1.1741635270011237, 0.85164650670896958, 0.56944411395333461, 0.42834291757551723, 1.3102253949368763, 0.85164650670896958, 1.7133716703020689, 3.7291030471280324, 0.85164650670896958, 0.50393284420649087, 0.36283164782867339, 2.0157313768259635, 0.30739903496595944, 0.36283164782867339, 2.0157313768259635, 0.56944411395333461, 0.50393284420649087, 0.020157313768259633, 2.0358886905942231, 0.42834291757551723, 0.50393284420649087, 2.0358886905942231, 0.42834291757551723, 0.36283164782867339, 0.020157313768259633], "frame_number": 1, "height": 8}