{"width": 8, "vector": [0.84877077562326875, 2.3969286703601109, 5.1673164819944599, 2.5700779085872578, 0.84877077562326875, 1.2561807479224376, 1.2290200831024931, 0.84877077562326875, 0.48889196675900276, 2.5123614958448752, 1.6737759695290859, 1.1000069252077562, 0.24444598337950138, 0.46173130193905815, 2.3969286703601109, 0.48889196675900276, 0.88272160664819943, 1.1034020083102494, 1.588898891966759, 0.24444598337950138, 0.46173130193905815, 5.1673164819944599, 2.5123614958448752, 0.88272160664819943, 0.91327735457063708, 2.6345844875346258, 1.3716135734072021, 1.3716135734072021, 2.5700779085872578, 1.6737759695290859, 1.1034020083102494, 0.91327735457063708, 0.57376904432132969, 0.65525103878116342, 0.38364439058171745, 0.84877077562326875, 1.1000069252077562, 1.588898891966759, 2.6345844875346258, 0.57376904432132969, 0.61111495844875341, 0.3395083102493075, 1.2561807479224376, 0.24444598337950138, 0.24444598337950138, 1.3716135734072021, 0.65525103878116342, 0.61111495844875341, 0.054321329639889199, 1.2290200831024931, 0.46173130193905815, 0.46173130193905815, 1.3716135734072021, 0.38364439058171745, 0.3395083102493075, 0.054321329639889199], "frame_number": 38, "height": 8}