{"width": 8, "vector": [1.6210132968374726, 4.5453212843322737, 10.899693407935166, 5.044593379758215, 1.7766305733338701, 2.5936212749399563, 2.8659515088086516, 1.6210132968374726, 0.78457043566933682, 4.5453212843322737, 1.8674073179567685, 0.93370365897838425, 0.32420265936749454, 0.46685182948919213, 4.5453212843322737, 0.78457043566933682, 1.6210132968374726, 0.94018771216573416, 1.7182740946477211, 0.39552724442834331, 0.39552724442834331, 10.899693407935166, 4.5453212843322737, 1.6210132968374726, 1.5885930309007232, 4.7009385608286705, 2.8594674556213016, 2.6001053281273063, 5.044593379758215, 1.8674073179567685, 0.94018771216573416, 1.5885930309007232, 0.93370365897838425, 0.63543721236028927, 0.46685182948919213, 1.7766305733338701, 0.93370365897838425, 1.7182740946477211, 4.7009385608286705, 0.93370365897838425, 0.47981993586389193, 0.46685182948919213, 2.5936212749399563, 0.32420265936749454, 0.39552724442834331, 2.8594674556213016, 0.63543721236028927, 0.47981993586389193, 0.012968106374699782, 2.8659515088086516, 0.46685182948919213, 0.39552724442834331, 2.6001053281273063, 0.46685182948919213, 0.46685182948919213, 0.012968106374699782], "frame_number": 68, "height": 8}