{"width": 8, "vector": [1.1761111111111111, 3.6094444444444442, 7.7106250000000003, 4.0200694444444443, 1.4650694444444445, 2.0277777777777777, 2.0480555555555555, 1.1761111111111111, 0.72999999999999998, 3.3509027777777778, 1.8503472222222221, 0.99868055555555557, 0.36499999999999999, 0.50694444444444442, 3.6094444444444442, 0.72999999999999998, 1.039236111111111, 0.99868055555555557, 1.607013888888889, 0.36499999999999999, 0.50694444444444442, 7.7106250000000003, 3.3509027777777778, 1.039236111111111, 1.0544444444444445, 3.2444444444444445, 1.8300694444444445, 1.8503472222222221, 4.0200694444444443, 1.8503472222222221, 0.99868055555555557, 1.0544444444444445, 0.72999999999999998, 0.57284722222222217, 0.4309027777777778, 1.4650694444444445, 0.99868055555555557, 1.607013888888889, 3.2444444444444445, 0.72999999999999998, 0.45118055555555553, 0.3092361111111111, 2.0277777777777777, 0.36499999999999999, 0.36499999999999999, 1.8300694444444445, 0.57284722222222217, 0.45118055555555553, 0.020277777777777777, 2.0480555555555555, 0.50694444444444442, 0.50694444444444442, 1.8503472222222221, 0.4309027777777778, 0.3092361111111111, 0.020277777777777777], "frame_number": 2, "height": 8}