{"width": 8, "vector": [1.2210146385970562, 3.409625783252157, 8.3167223496893818, 4.0662091266486868, 1.7624079217485811, 2.0791805874223455, 2.1310161145325979, 1.2210146385970562, 0.57595030122502655, 3.409625783252157, 1.6702558735525768, 0.9791155120825451, 0.23613962350226086, 0.42620322290651963, 3.409625783252157, 0.57595030122502655, 1.2210146385970562, 0.9791155120825451, 1.4398757530625663, 0.23613962350226086, 0.42620322290651963, 8.3167223496893818, 3.409625783252157, 1.2210146385970562, 1.4398757530625663, 3.5132968374726619, 2.0791805874223455, 2.1310161145325979, 4.0662091266486868, 1.6702558735525768, 0.9791155120825451, 1.4398757530625663, 0.57595030122502655, 0.67386185243328101, 0.41468421688201906, 1.7624079217485811, 0.9791155120825451, 1.4398757530625663, 3.5132968374726619, 0.57595030122502655, 0.55867179218827567, 0.29949415663701379, 2.0791805874223455, 0.23613962350226086, 0.23613962350226086, 2.0791805874223455, 0.67386185243328101, 0.55867179218827567, 0.051835527110252383, 2.1310161145325979, 0.42620322290651963, 0.42620322290651963, 2.1310161145325979, 0.41468421688201906, 0.29949415663701379, 0.051835527110252383], "frame_number": 17, "height": 8}