{"width": 8, "vector": [0.77468280838548609, 2.3618378304435552, 5.1771485243322735, 2.6679320132690401, 1.1185663964980679, 1.3679764713929072, 1.3982079956225848, 0.77468280838548609, 0.46103074450258197, 2.271143257754523, 1.3944290550938749, 0.97118771587838992, 0.23051537225129098, 0.44213604185903355, 2.3618378304435552, 0.46103074450258197, 0.77468280838548609, 0.97118771587838992, 1.4700078656680688, 0.23051537225129098, 0.47236756608871106, 5.1771485243322735, 2.271143257754523, 0.77468280838548609, 0.92206148900516394, 2.4563113436612976, 1.2243767313019391, 1.284839779761294, 2.6679320132690401, 1.3944290550938749, 0.97118771587838992, 0.92206148900516394, 0.46103074450258197, 0.51393591190451759, 0.27208371806709758, 1.1185663964980679, 0.97118771587838992, 1.4700078656680688, 2.4563113436612976, 0.46103074450258197, 0.55172531719161455, 0.27964159912451697, 1.3679764713929072, 0.23051537225129098, 0.23051537225129098, 1.2243767313019391, 0.51393591190451759, 0.55172531719161455, 0.060463048459355018, 1.3982079956225848, 0.44213604185903355, 0.47236756608871106, 1.284839779761294, 0.27208371806709758, 0.27964159912451697, 0.060463048459355018], "frame_number": 27, "height": 8}